Lattice Timing Report -  Setup  and Hold, Version Radiant Software (64-bit) 2026.1.0.37.0

Wed Sep  9 15:38:36 2026

Copyright (c) 1991-1994 by NeoCAD Inc. All rights reserved.
Copyright (c) 1995 AT&T Corp.   All rights reserved.
Copyright (c) 1995-2001 Lucent Technologies Inc.  All rights reserved.
Copyright (c) 2001 Agere Systems   All rights reserved.
Copyright (c) 2002-2026 Lattice Semiconductor Corporation,  All rights reserved.

Command line:    timing -sethld -v 10 -u 10 -endpoints 10 -nperend 1 -sp High-Performance_1.2V -hsp m -pwrprd -html -rpt lab01_impl_1.twr lab01_impl_1.udb -gui -msgset C:/Users/pclark/Documents/GitHub/e155/lab01/fpga/radiant_project/lab01/promote.xml

-----------------------------------------
Design:          lab01_pc
Family:          iCE40UP
Device:          iCE40UP5K
Package:         SG48
Performance:     High-Performance_1.2V
Package Status:                     Preliminary    Version 1.5
**Performance Hardware Data Status :   Advanced Version 1.0
-----------------------------------------


=====================================================================
                    Table of Contents
=====================================================================
    1  Timing Overview
        1.1  SDC Constraints
        1.2  Constraint Coverage
        1.3  Overall Summary
        1.4  Unconstrained Report
        1.5  Combinational Loop
    2  Setup at Speed Grade High-Performance_1.2V Corner at 100 Degrees
        2.1  Clock Summary
        2.2  Endpoint slacks
        2.3  Detailed Report
    3  Hold at Speed Grade m Corner at -40 Degrees
        3.1  Endpoint slacks
        3.2  Detailed Report

=====================================================================
                    End of Table of Contents
=====================================================================

==============================================
1  Timing Overview
==============================================

1.1  SDC Constraints
=====================
create_clock -name {int_osc} -period 20.8333 [get_pins {hf_osc/CLKHF }] 

1.2  Constraint Coverage
---------------------------
Constraint Coverage: 72.119%


1.3  Overall Summary
---------------------------
 Setup at Speed Grade High-Performance_1.2V Corner at 100 Degrees     Timing Errors: 0 endpoints;  Total Negative Slack: 0.000 ns 
 Hold at Speed Grade m Corner at -40 Degrees                          Timing Errors: 0 endpoints;  Total Negative Slack: 0.000 ns 

1.4  Unconstrained Report
===========================

1.4.1  Unconstrained Start/End Points
--------------------------------------

Clocked but unconstrained timing start points
--------------------------------------------------
There is no start point satisfying reporting criteria


Clocked but unconstrained timing end points
--------------------------------------------------
There is no end point satisfying reporting criteria


1.4.2  Start/End Points Without Timing Constraints
---------------------------------------------------

I/O ports without constraint
----------------------------
Possible constraints to use on I/O ports are:
set_input_delay,
set_output_delay,
set_max_delay,
create_clock,
create_generated_clock,
...

-------------------------------------------------------------------
     Listing 10 Start or End Points     |           Type           
-------------------------------------------------------------------
s[3]                                    |                     input
s[2]                                    |                     input
s[1]                                    |                     input
s[0]                                    |                     input
reset                                   |                     input
enable                                  |                     input
led[2]                                  |                    output
led[1]                                  |                    output
led[0]                                  |                    output
seg[6]                                  |                    output
-------------------------------------------------------------------
                                        |                          
Number of I/O ports without constraint  |                        16
                                        |                          
-------------------------------------------------------------------

Nets without clock definition
Define a clock on a top level port or a generated clock on a clock divider pin associated with this net(s).
--------------------------------------------------
There is no instance satisfying reporting criteria



1.5  Combinational Loop
========================
None

===============================================================
2  Setup at Speed Grade High-Performance_1.2V Corner at 100 Degrees
===============================================================

2.1  Clock Summary
=======================

2.1.1 Clock "int_osc"
=======================
create_clock -name {int_osc} -period 20.8333 [get_pins {hf_osc/CLKHF }] 

Single Clock Domain
-------------------------------------------------------------------------------------------------------
             Clock int_osc              |                    |       Period       |     Frequency      
-------------------------------------------------------------------------------------------------------
 From int_osc                           |             Target |          20.833 ns |         48.000 MHz 
                                        | Actual (all paths) |          20.792 ns |         48.095 MHz 
hf_osc/CLKHF (MPW)                      |   (50% duty cycle) |          20.792 ns |         48.095 MHz 
-------------------------------------------------------------------------------------------------------

Clock Domain Crossing

2.2  Endpoint slacks
=======================
-------------------------------------------------------
          Listing 10 End Points          |    Slack    
-------------------------------------------------------
counter1/counter__i31/D                  |    5.148 ns 
counter1/counter__i30/D                  |    5.980 ns 
counter1/counter__i29/D                  |    6.257 ns 
{counter1/counter__i15/SP   counter1/counter__i16/SP}              
                                         |    6.518 ns 
{counter1/counter__i17/SP   counter1/counter__i18/SP}              
                                         |    6.518 ns 
{counter1/counter__i19/SP   counter1/counter__i20/SP}              
                                         |    6.518 ns 
{counter1/counter__i21/SP   counter1/counter__i22/SP}              
                                         |    6.518 ns 
counter1/counter__i28/D                  |    6.534 ns 
counter1/counter__i27/D                  |    6.811 ns 
counter1/counter__i26/D                  |    7.088 ns 
-------------------------------------------------------
                                         |             
Setup # of endpoints with negative slack:|           0 
                                         |             
-------------------------------------------------------

2.3  Detailed Report
=======================


XXXXXXXXXXXXXXXXXXXXXXXXXXXXXXXXXXXXXXXXXXXXXXXXXXXXXXXXXX

Detail report of critical paths

XXXXXXXXXXXXXXXXXXXXXXXXXXXXXXXXXXXXXXXXXXXXXXXXXXXXXXXXXX

+++++++++++++++++++++++++++++++++++++++++++++++++++++++++++++++++++++ 
                    Detailed Report for timing paths 
+++++++++++++++++++++++++++++++++++++++++++++++++++++++++++++++++++++ 

++++ Path 1 ++++++++++++++++++++++++++++++++++++++++++++++++++++++++++ 

Path Begin       : counter1/counter__i0/Q  (SLICE_R9C25A)
Path End         : counter1/counter__i31/D  (SLICE_R9C29A)
Source Clock     : int_osc (R)
Destination Clock: int_osc (R)
Logic Level      : 33
Delay Ratio      : 32.0% (route), 68.0% (logic)
Clock Skew       : 0.000 ns 
Setup Constraint : 20.833 ns 
Path Slack       : 5.148 ns  (Passed)


Source Clock Path
Name                                      Cell/Site Name     Delay Name           Incr      Arrival/Required Time  Fanout  
----------------------------------------  -----------------  -------------------  --------  ---------------------  ------  
hf_osc/CLKHF                              HFOSC_HFOSC_R1C32  CLOCK LATENCY           0.000                  0.000  18      
counter1/int_osc                                             NET DELAY               5.499                  5.499  18      
counter1/counter__i0/CK                                      CLOCK PIN               0.000                  5.499  1       


Data Path
Name                                      Cell/Site Name     Delay Name           Incr      Arrival/Required Time  Fanout  
----------------------------------------  -----------------  -------------------  --------  ---------------------  ------  
counter1/counter__i0/CK->counter1/counter__i0/Q
                                          SLICE_R9C25A       CLK_TO_Q1_DELAY         1.388                  6.887  1       
counter1/counter[0]                                          NET DELAY               2.075                  8.962  1       
counter1/add_5_add_5_1/B1->counter1/add_5_add_5_1/CO1
                                          SLICE_R9C25A       B1_TO_COUT1_DELAY       0.357                  9.319  2       
counter1/n405                                                NET DELAY               0.000                  9.319  2       
counter1/add_5_add_5_3/CI0->counter1/add_5_add_5_3/CO0
                                          SLICE_R9C25B       CIN0_TO_COUT0_DELAY     0.277                  9.596  2       
counter1/n957                                                NET DELAY               0.000                  9.596  2       
counter1/add_5_add_5_3/CI1->counter1/add_5_add_5_3/CO1
                                          SLICE_R9C25B       CIN1_TO_COUT1_DELAY     0.277                  9.873  2       
counter1/n407                                                NET DELAY               0.000                  9.873  2       
counter1/add_5_add_5_5/CI0->counter1/add_5_add_5_5/CO0
                                          SLICE_R9C25C       CIN0_TO_COUT0_DELAY     0.277                 10.150  2       
counter1/n960                                                NET DELAY               0.000                 10.150  2       
counter1/add_5_add_5_5/CI1->counter1/add_5_add_5_5/CO1
                                          SLICE_R9C25C       CIN1_TO_COUT1_DELAY     0.277                 10.427  2       
counter1/n409                                                NET DELAY               0.000                 10.427  2       
counter1/add_5_add_5_7/CI0->counter1/add_5_add_5_7/CO0
                                          SLICE_R9C25D       CIN0_TO_COUT0_DELAY     0.277                 10.704  2       
counter1/n963                                                NET DELAY               0.000                 10.704  2       
counter1/add_5_add_5_7/CI1->counter1/add_5_add_5_7/CO1
                                          SLICE_R9C25D       CIN1_TO_COUT1_DELAY     0.277                 10.981  2       
counter1/n411                                                NET DELAY               0.555                 11.536  2       
counter1/add_5_add_5_9/CI0->counter1/add_5_add_5_9/CO0
                                          SLICE_R9C26A       CIN0_TO_COUT0_DELAY     0.277                 11.813  2       
counter1/n966                                                NET DELAY               0.000                 11.813  2       
counter1/add_5_add_5_9/CI1->counter1/add_5_add_5_9/CO1
                                          SLICE_R9C26A       CIN1_TO_COUT1_DELAY     0.277                 12.090  2       
counter1/n413                                                NET DELAY               0.000                 12.090  2       
counter1/add_5_add_5_11/CI0->counter1/add_5_add_5_11/CO0
                                          SLICE_R9C26B       CIN0_TO_COUT0_DELAY     0.277                 12.367  2       
counter1/n969                                                NET DELAY               0.000                 12.367  2       
counter1/add_5_add_5_11/CI1->counter1/add_5_add_5_11/CO1
                                          SLICE_R9C26B       CIN1_TO_COUT1_DELAY     0.277                 12.644  2       
counter1/n415                                                NET DELAY               0.000                 12.644  2       
counter1/add_5_add_5_13/CI0->counter1/add_5_add_5_13/CO0
                                          SLICE_R9C26C       CIN0_TO_COUT0_DELAY     0.277                 12.921  2       
counter1/n972                                                NET DELAY               0.000                 12.921  2       
counter1/add_5_add_5_13/CI1->counter1/add_5_add_5_13/CO1
                                          SLICE_R9C26C       CIN1_TO_COUT1_DELAY     0.277                 13.198  2       
counter1/n417                                                NET DELAY               0.000                 13.198  2       
counter1/add_5_add_5_15/CI0->counter1/add_5_add_5_15/CO0
                                          SLICE_R9C26D       CIN0_TO_COUT0_DELAY     0.277                 13.475  2       
counter1/n975                                                NET DELAY               0.000                 13.475  2       
counter1/add_5_add_5_15/CI1->counter1/add_5_add_5_15/CO1
                                          SLICE_R9C26D       CIN1_TO_COUT1_DELAY     0.277                 13.752  2       
counter1/n419                                                NET DELAY               0.555                 14.307  2       
counter1/add_5_add_5_17/CI0->counter1/add_5_add_5_17/CO0
                                          SLICE_R9C27A       CIN0_TO_COUT0_DELAY     0.277                 14.584  2       
counter1/n978                                                NET DELAY               0.000                 14.584  2       
counter1/add_5_add_5_17/CI1->counter1/add_5_add_5_17/CO1
                                          SLICE_R9C27A       CIN1_TO_COUT1_DELAY     0.277                 14.861  2       
counter1/n421                                                NET DELAY               0.000                 14.861  2       
counter1/add_5_add_5_19/CI0->counter1/add_5_add_5_19/CO0
                                          SLICE_R9C27B       CIN0_TO_COUT0_DELAY     0.277                 15.138  2       
counter1/n981                                                NET DELAY               0.000                 15.138  2       
counter1/add_5_add_5_19/CI1->counter1/add_5_add_5_19/CO1
                                          SLICE_R9C27B       CIN1_TO_COUT1_DELAY     0.277                 15.415  2       
counter1/n423                                                NET DELAY               0.000                 15.415  2       
counter1/add_5_add_5_21/CI0->counter1/add_5_add_5_21/CO0
                                          SLICE_R9C27C       CIN0_TO_COUT0_DELAY     0.277                 15.692  2       
counter1/n984                                                NET DELAY               0.000                 15.692  2       
counter1/add_5_add_5_21/CI1->counter1/add_5_add_5_21/CO1
                                          SLICE_R9C27C       CIN1_TO_COUT1_DELAY     0.277                 15.969  2       
counter1/n425                                                NET DELAY               0.000                 15.969  2       
counter1/add_5_add_5_23/CI0->counter1/add_5_add_5_23/CO0
                                          SLICE_R9C27D       CIN0_TO_COUT0_DELAY     0.277                 16.246  2       
counter1/n987                                                NET DELAY               0.000                 16.246  2       
counter1/add_5_add_5_23/CI1->counter1/add_5_add_5_23/CO1
                                          SLICE_R9C27D       CIN1_TO_COUT1_DELAY     0.277                 16.523  2       
counter1/n427                                                NET DELAY               0.555                 17.078  2       
counter1/add_5_add_5_25/CI0->counter1/add_5_add_5_25/CO0
                                          SLICE_R9C28A       CIN0_TO_COUT0_DELAY     0.277                 17.355  2       
counter1/n990                                                NET DELAY               0.000                 17.355  2       
counter1/add_5_add_5_25/CI1->counter1/add_5_add_5_25/CO1
                                          SLICE_R9C28A       CIN1_TO_COUT1_DELAY     0.277                 17.632  2       
counter1/n429                                                NET DELAY               0.000                 17.632  2       
counter1/add_5_add_5_27/CI0->counter1/add_5_add_5_27/CO0
                                          SLICE_R9C28B       CIN0_TO_COUT0_DELAY     0.277                 17.909  2       
counter1/n993                                                NET DELAY               0.000                 17.909  2       
counter1/add_5_add_5_27/CI1->counter1/add_5_add_5_27/CO1
                                          SLICE_R9C28B       CIN1_TO_COUT1_DELAY     0.277                 18.186  2       
counter1/n431                                                NET DELAY               0.000                 18.186  2       
counter1/add_5_add_5_29/CI0->counter1/add_5_add_5_29/CO0
                                          SLICE_R9C28C       CIN0_TO_COUT0_DELAY     0.277                 18.463  2       
counter1/n996                                                NET DELAY               0.000                 18.463  2       
counter1/add_5_add_5_29/CI1->counter1/add_5_add_5_29/CO1
                                          SLICE_R9C28C       CIN1_TO_COUT1_DELAY     0.277                 18.740  2       
counter1/n433                                                NET DELAY               0.000                 18.740  2       
counter1/add_5_add_5_31/CI0->counter1/add_5_add_5_31/CO0
                                          SLICE_R9C28D       CIN0_TO_COUT0_DELAY     0.277                 19.017  2       
counter1/n999                                                NET DELAY               0.000                 19.017  2       
counter1/add_5_add_5_31/CI1->counter1/add_5_add_5_31/CO1
                                          SLICE_R9C28D       CIN1_TO_COUT1_DELAY     0.277                 19.294  2       
counter1/n435                                                NET DELAY               1.216                 20.510  2       
counter1/add_5_add_5_33/D0->counter1/add_5_add_5_33/S0
                                          SLICE_R9C29A       D0_TO_F0_DELAY          0.476                 20.986  1       
counter1/n167[31]                                            NET DELAY               0.000                 20.986  1       
counter1/counter__i31/D                                      ENDPOINT                0.000                 20.986  1       


Destination Clock Path
Name                                      Cell/Site Name     Delay Name           Incr      Arrival/Required Time  Fanout  
----------------------------------------  -----------------  -------------------  --------  ---------------------  ------  
                                                             CONSTRAINT              0.000                 20.833  1       
hf_osc/CLKHF                              HFOSC_HFOSC_R1C32  CLOCK LATENCY           0.000                 20.833  18      
counter1/int_osc                                             NET DELAY               5.499                 26.332  18      
counter1/counter__i31/CK                                     CLOCK PIN               0.000                 26.332  1       
                                                             Uncertainty          -(0.000)                 26.332  
                                                             Setup time           -(0.198)                 26.134  
----------------------------------------  -----------------  -------------------  --------  ---------------------  ------  
Required Time                                                                                              26.134  
Arrival Time                                                                                            -(20.985)  
----------------------------------------  -----------------  -------------------  --------  ---------------------  ------  
Path Slack  (Passed)                                                                                        5.148  




++++ Path 2 ++++++++++++++++++++++++++++++++++++++++++++++++++++++++++ 

Path Begin       : counter1/counter__i0/Q  (SLICE_R9C25A)
Path End         : counter1/counter__i30/D  (SLICE_R9C28D)
Source Clock     : int_osc (R)
Destination Clock: int_osc (R)
Logic Level      : 32
Delay Ratio      : 30.0% (route), 70.0% (logic)
Clock Skew       : 0.000 ns 
Setup Constraint : 20.833 ns 
Path Slack       : 5.980 ns  (Passed)


Source Clock Path
Name                                      Cell/Site Name     Delay Name           Incr      Arrival/Required Time  Fanout  
----------------------------------------  -----------------  -------------------  --------  ---------------------  ------  
hf_osc/CLKHF                              HFOSC_HFOSC_R1C32  CLOCK LATENCY           0.000                  0.000  18      
counter1/int_osc                                             NET DELAY               5.499                  5.499  18      
counter1/counter__i0/CK                                      CLOCK PIN               0.000                  5.499  1       


Data Path
Name                                      Cell/Site Name     Delay Name           Incr      Arrival/Required Time  Fanout  
----------------------------------------  -----------------  -------------------  --------  ---------------------  ------  
counter1/counter__i0/CK->counter1/counter__i0/Q
                                          SLICE_R9C25A       CLK_TO_Q1_DELAY         1.388                  6.887  1       
counter1/counter[0]                                          NET DELAY               2.075                  8.962  1       
counter1/add_5_add_5_1/B1->counter1/add_5_add_5_1/CO1
                                          SLICE_R9C25A       B1_TO_COUT1_DELAY       0.357                  9.319  2       
counter1/n405                                                NET DELAY               0.000                  9.319  2       
counter1/add_5_add_5_3/CI0->counter1/add_5_add_5_3/CO0
                                          SLICE_R9C25B       CIN0_TO_COUT0_DELAY     0.277                  9.596  2       
counter1/n957                                                NET DELAY               0.000                  9.596  2       
counter1/add_5_add_5_3/CI1->counter1/add_5_add_5_3/CO1
                                          SLICE_R9C25B       CIN1_TO_COUT1_DELAY     0.277                  9.873  2       
counter1/n407                                                NET DELAY               0.000                  9.873  2       
counter1/add_5_add_5_5/CI0->counter1/add_5_add_5_5/CO0
                                          SLICE_R9C25C       CIN0_TO_COUT0_DELAY     0.277                 10.150  2       
counter1/n960                                                NET DELAY               0.000                 10.150  2       
counter1/add_5_add_5_5/CI1->counter1/add_5_add_5_5/CO1
                                          SLICE_R9C25C       CIN1_TO_COUT1_DELAY     0.277                 10.427  2       
counter1/n409                                                NET DELAY               0.000                 10.427  2       
counter1/add_5_add_5_7/CI0->counter1/add_5_add_5_7/CO0
                                          SLICE_R9C25D       CIN0_TO_COUT0_DELAY     0.277                 10.704  2       
counter1/n963                                                NET DELAY               0.000                 10.704  2       
counter1/add_5_add_5_7/CI1->counter1/add_5_add_5_7/CO1
                                          SLICE_R9C25D       CIN1_TO_COUT1_DELAY     0.277                 10.981  2       
counter1/n411                                                NET DELAY               0.555                 11.536  2       
counter1/add_5_add_5_9/CI0->counter1/add_5_add_5_9/CO0
                                          SLICE_R9C26A       CIN0_TO_COUT0_DELAY     0.277                 11.813  2       
counter1/n966                                                NET DELAY               0.000                 11.813  2       
counter1/add_5_add_5_9/CI1->counter1/add_5_add_5_9/CO1
                                          SLICE_R9C26A       CIN1_TO_COUT1_DELAY     0.277                 12.090  2       
counter1/n413                                                NET DELAY               0.000                 12.090  2       
counter1/add_5_add_5_11/CI0->counter1/add_5_add_5_11/CO0
                                          SLICE_R9C26B       CIN0_TO_COUT0_DELAY     0.277                 12.367  2       
counter1/n969                                                NET DELAY               0.000                 12.367  2       
counter1/add_5_add_5_11/CI1->counter1/add_5_add_5_11/CO1
                                          SLICE_R9C26B       CIN1_TO_COUT1_DELAY     0.277                 12.644  2       
counter1/n415                                                NET DELAY               0.000                 12.644  2       
counter1/add_5_add_5_13/CI0->counter1/add_5_add_5_13/CO0
                                          SLICE_R9C26C       CIN0_TO_COUT0_DELAY     0.277                 12.921  2       
counter1/n972                                                NET DELAY               0.000                 12.921  2       
counter1/add_5_add_5_13/CI1->counter1/add_5_add_5_13/CO1
                                          SLICE_R9C26C       CIN1_TO_COUT1_DELAY     0.277                 13.198  2       
counter1/n417                                                NET DELAY               0.000                 13.198  2       
counter1/add_5_add_5_15/CI0->counter1/add_5_add_5_15/CO0
                                          SLICE_R9C26D       CIN0_TO_COUT0_DELAY     0.277                 13.475  2       
counter1/n975                                                NET DELAY               0.000                 13.475  2       
counter1/add_5_add_5_15/CI1->counter1/add_5_add_5_15/CO1
                                          SLICE_R9C26D       CIN1_TO_COUT1_DELAY     0.277                 13.752  2       
counter1/n419                                                NET DELAY               0.555                 14.307  2       
counter1/add_5_add_5_17/CI0->counter1/add_5_add_5_17/CO0
                                          SLICE_R9C27A       CIN0_TO_COUT0_DELAY     0.277                 14.584  2       
counter1/n978                                                NET DELAY               0.000                 14.584  2       
counter1/add_5_add_5_17/CI1->counter1/add_5_add_5_17/CO1
                                          SLICE_R9C27A       CIN1_TO_COUT1_DELAY     0.277                 14.861  2       
counter1/n421                                                NET DELAY               0.000                 14.861  2       
counter1/add_5_add_5_19/CI0->counter1/add_5_add_5_19/CO0
                                          SLICE_R9C27B       CIN0_TO_COUT0_DELAY     0.277                 15.138  2       
counter1/n981                                                NET DELAY               0.000                 15.138  2       
counter1/add_5_add_5_19/CI1->counter1/add_5_add_5_19/CO1
                                          SLICE_R9C27B       CIN1_TO_COUT1_DELAY     0.277                 15.415  2       
counter1/n423                                                NET DELAY               0.000                 15.415  2       
counter1/add_5_add_5_21/CI0->counter1/add_5_add_5_21/CO0
                                          SLICE_R9C27C       CIN0_TO_COUT0_DELAY     0.277                 15.692  2       
counter1/n984                                                NET DELAY               0.000                 15.692  2       
counter1/add_5_add_5_21/CI1->counter1/add_5_add_5_21/CO1
                                          SLICE_R9C27C       CIN1_TO_COUT1_DELAY     0.277                 15.969  2       
counter1/n425                                                NET DELAY               0.000                 15.969  2       
counter1/add_5_add_5_23/CI0->counter1/add_5_add_5_23/CO0
                                          SLICE_R9C27D       CIN0_TO_COUT0_DELAY     0.277                 16.246  2       
counter1/n987                                                NET DELAY               0.000                 16.246  2       
counter1/add_5_add_5_23/CI1->counter1/add_5_add_5_23/CO1
                                          SLICE_R9C27D       CIN1_TO_COUT1_DELAY     0.277                 16.523  2       
counter1/n427                                                NET DELAY               0.555                 17.078  2       
counter1/add_5_add_5_25/CI0->counter1/add_5_add_5_25/CO0
                                          SLICE_R9C28A       CIN0_TO_COUT0_DELAY     0.277                 17.355  2       
counter1/n990                                                NET DELAY               0.000                 17.355  2       
counter1/add_5_add_5_25/CI1->counter1/add_5_add_5_25/CO1
                                          SLICE_R9C28A       CIN1_TO_COUT1_DELAY     0.277                 17.632  2       
counter1/n429                                                NET DELAY               0.000                 17.632  2       
counter1/add_5_add_5_27/CI0->counter1/add_5_add_5_27/CO0
                                          SLICE_R9C28B       CIN0_TO_COUT0_DELAY     0.277                 17.909  2       
counter1/n993                                                NET DELAY               0.000                 17.909  2       
counter1/add_5_add_5_27/CI1->counter1/add_5_add_5_27/CO1
                                          SLICE_R9C28B       CIN1_TO_COUT1_DELAY     0.277                 18.186  2       
counter1/n431                                                NET DELAY               0.000                 18.186  2       
counter1/add_5_add_5_29/CI0->counter1/add_5_add_5_29/CO0
                                          SLICE_R9C28C       CIN0_TO_COUT0_DELAY     0.277                 18.463  2       
counter1/n996                                                NET DELAY               0.000                 18.463  2       
counter1/add_5_add_5_29/CI1->counter1/add_5_add_5_29/CO1
                                          SLICE_R9C28C       CIN1_TO_COUT1_DELAY     0.277                 18.740  2       
counter1/n433                                                NET DELAY               0.000                 18.740  2       
counter1/add_5_add_5_31/CI0->counter1/add_5_add_5_31/CO0
                                          SLICE_R9C28D       CIN0_TO_COUT0_DELAY     0.277                 19.017  2       
counter1/n999                                                NET DELAY               0.661                 19.678  2       
counter1/add_5_add_5_31/D1->counter1/add_5_add_5_31/S1
                                          SLICE_R9C28D       D1_TO_F1_DELAY          0.476                 20.154  1       
counter1/n167[30]                                            NET DELAY               0.000                 20.154  1       
counter1/counter__i30/D                                      ENDPOINT                0.000                 20.154  1       


Destination Clock Path
Name                                      Cell/Site Name     Delay Name           Incr      Arrival/Required Time  Fanout  
----------------------------------------  -----------------  -------------------  --------  ---------------------  ------  
                                                             CONSTRAINT              0.000                 20.833  1       
hf_osc/CLKHF                              HFOSC_HFOSC_R1C32  CLOCK LATENCY           0.000                 20.833  18      
counter1/int_osc                                             NET DELAY               5.499                 26.332  18      
{counter1/counter__i29/CK   counter1/counter__i30/CK}
                                                             CLOCK PIN               0.000                 26.332  1       
                                                             Uncertainty          -(0.000)                 26.332  
                                                             Setup time           -(0.198)                 26.134  
----------------------------------------  -----------------  -------------------  --------  ---------------------  ------  
Required Time                                                                                              26.134  
Arrival Time                                                                                            -(20.153)  
----------------------------------------  -----------------  -------------------  --------  ---------------------  ------  
Path Slack  (Passed)                                                                                        5.980  




++++ Path 3 ++++++++++++++++++++++++++++++++++++++++++++++++++++++++++ 

Path Begin       : counter1/counter__i0/Q  (SLICE_R9C25A)
Path End         : counter1/counter__i29/D  (SLICE_R9C28D)
Source Clock     : int_osc (R)
Destination Clock: int_osc (R)
Logic Level      : 31
Delay Ratio      : 30.6% (route), 69.4% (logic)
Clock Skew       : 0.000 ns 
Setup Constraint : 20.833 ns 
Path Slack       : 6.257 ns  (Passed)


Source Clock Path
Name                                      Cell/Site Name     Delay Name           Incr      Arrival/Required Time  Fanout  
----------------------------------------  -----------------  -------------------  --------  ---------------------  ------  
hf_osc/CLKHF                              HFOSC_HFOSC_R1C32  CLOCK LATENCY           0.000                  0.000  18      
counter1/int_osc                                             NET DELAY               5.499                  5.499  18      
counter1/counter__i0/CK                                      CLOCK PIN               0.000                  5.499  1       


Data Path
Name                                      Cell/Site Name     Delay Name           Incr      Arrival/Required Time  Fanout  
----------------------------------------  -----------------  -------------------  --------  ---------------------  ------  
counter1/counter__i0/CK->counter1/counter__i0/Q
                                          SLICE_R9C25A       CLK_TO_Q1_DELAY         1.388                  6.887  1       
counter1/counter[0]                                          NET DELAY               2.075                  8.962  1       
counter1/add_5_add_5_1/B1->counter1/add_5_add_5_1/CO1
                                          SLICE_R9C25A       B1_TO_COUT1_DELAY       0.357                  9.319  2       
counter1/n405                                                NET DELAY               0.000                  9.319  2       
counter1/add_5_add_5_3/CI0->counter1/add_5_add_5_3/CO0
                                          SLICE_R9C25B       CIN0_TO_COUT0_DELAY     0.277                  9.596  2       
counter1/n957                                                NET DELAY               0.000                  9.596  2       
counter1/add_5_add_5_3/CI1->counter1/add_5_add_5_3/CO1
                                          SLICE_R9C25B       CIN1_TO_COUT1_DELAY     0.277                  9.873  2       
counter1/n407                                                NET DELAY               0.000                  9.873  2       
counter1/add_5_add_5_5/CI0->counter1/add_5_add_5_5/CO0
                                          SLICE_R9C25C       CIN0_TO_COUT0_DELAY     0.277                 10.150  2       
counter1/n960                                                NET DELAY               0.000                 10.150  2       
counter1/add_5_add_5_5/CI1->counter1/add_5_add_5_5/CO1
                                          SLICE_R9C25C       CIN1_TO_COUT1_DELAY     0.277                 10.427  2       
counter1/n409                                                NET DELAY               0.000                 10.427  2       
counter1/add_5_add_5_7/CI0->counter1/add_5_add_5_7/CO0
                                          SLICE_R9C25D       CIN0_TO_COUT0_DELAY     0.277                 10.704  2       
counter1/n963                                                NET DELAY               0.000                 10.704  2       
counter1/add_5_add_5_7/CI1->counter1/add_5_add_5_7/CO1
                                          SLICE_R9C25D       CIN1_TO_COUT1_DELAY     0.277                 10.981  2       
counter1/n411                                                NET DELAY               0.555                 11.536  2       
counter1/add_5_add_5_9/CI0->counter1/add_5_add_5_9/CO0
                                          SLICE_R9C26A       CIN0_TO_COUT0_DELAY     0.277                 11.813  2       
counter1/n966                                                NET DELAY               0.000                 11.813  2       
counter1/add_5_add_5_9/CI1->counter1/add_5_add_5_9/CO1
                                          SLICE_R9C26A       CIN1_TO_COUT1_DELAY     0.277                 12.090  2       
counter1/n413                                                NET DELAY               0.000                 12.090  2       
counter1/add_5_add_5_11/CI0->counter1/add_5_add_5_11/CO0
                                          SLICE_R9C26B       CIN0_TO_COUT0_DELAY     0.277                 12.367  2       
counter1/n969                                                NET DELAY               0.000                 12.367  2       
counter1/add_5_add_5_11/CI1->counter1/add_5_add_5_11/CO1
                                          SLICE_R9C26B       CIN1_TO_COUT1_DELAY     0.277                 12.644  2       
counter1/n415                                                NET DELAY               0.000                 12.644  2       
counter1/add_5_add_5_13/CI0->counter1/add_5_add_5_13/CO0
                                          SLICE_R9C26C       CIN0_TO_COUT0_DELAY     0.277                 12.921  2       
counter1/n972                                                NET DELAY               0.000                 12.921  2       
counter1/add_5_add_5_13/CI1->counter1/add_5_add_5_13/CO1
                                          SLICE_R9C26C       CIN1_TO_COUT1_DELAY     0.277                 13.198  2       
counter1/n417                                                NET DELAY               0.000                 13.198  2       
counter1/add_5_add_5_15/CI0->counter1/add_5_add_5_15/CO0
                                          SLICE_R9C26D       CIN0_TO_COUT0_DELAY     0.277                 13.475  2       
counter1/n975                                                NET DELAY               0.000                 13.475  2       
counter1/add_5_add_5_15/CI1->counter1/add_5_add_5_15/CO1
                                          SLICE_R9C26D       CIN1_TO_COUT1_DELAY     0.277                 13.752  2       
counter1/n419                                                NET DELAY               0.555                 14.307  2       
counter1/add_5_add_5_17/CI0->counter1/add_5_add_5_17/CO0
                                          SLICE_R9C27A       CIN0_TO_COUT0_DELAY     0.277                 14.584  2       
counter1/n978                                                NET DELAY               0.000                 14.584  2       
counter1/add_5_add_5_17/CI1->counter1/add_5_add_5_17/CO1
                                          SLICE_R9C27A       CIN1_TO_COUT1_DELAY     0.277                 14.861  2       
counter1/n421                                                NET DELAY               0.000                 14.861  2       
counter1/add_5_add_5_19/CI0->counter1/add_5_add_5_19/CO0
                                          SLICE_R9C27B       CIN0_TO_COUT0_DELAY     0.277                 15.138  2       
counter1/n981                                                NET DELAY               0.000                 15.138  2       
counter1/add_5_add_5_19/CI1->counter1/add_5_add_5_19/CO1
                                          SLICE_R9C27B       CIN1_TO_COUT1_DELAY     0.277                 15.415  2       
counter1/n423                                                NET DELAY               0.000                 15.415  2       
counter1/add_5_add_5_21/CI0->counter1/add_5_add_5_21/CO0
                                          SLICE_R9C27C       CIN0_TO_COUT0_DELAY     0.277                 15.692  2       
counter1/n984                                                NET DELAY               0.000                 15.692  2       
counter1/add_5_add_5_21/CI1->counter1/add_5_add_5_21/CO1
                                          SLICE_R9C27C       CIN1_TO_COUT1_DELAY     0.277                 15.969  2       
counter1/n425                                                NET DELAY               0.000                 15.969  2       
counter1/add_5_add_5_23/CI0->counter1/add_5_add_5_23/CO0
                                          SLICE_R9C27D       CIN0_TO_COUT0_DELAY     0.277                 16.246  2       
counter1/n987                                                NET DELAY               0.000                 16.246  2       
counter1/add_5_add_5_23/CI1->counter1/add_5_add_5_23/CO1
                                          SLICE_R9C27D       CIN1_TO_COUT1_DELAY     0.277                 16.523  2       
counter1/n427                                                NET DELAY               0.555                 17.078  2       
counter1/add_5_add_5_25/CI0->counter1/add_5_add_5_25/CO0
                                          SLICE_R9C28A       CIN0_TO_COUT0_DELAY     0.277                 17.355  2       
counter1/n990                                                NET DELAY               0.000                 17.355  2       
counter1/add_5_add_5_25/CI1->counter1/add_5_add_5_25/CO1
                                          SLICE_R9C28A       CIN1_TO_COUT1_DELAY     0.277                 17.632  2       
counter1/n429                                                NET DELAY               0.000                 17.632  2       
counter1/add_5_add_5_27/CI0->counter1/add_5_add_5_27/CO0
                                          SLICE_R9C28B       CIN0_TO_COUT0_DELAY     0.277                 17.909  2       
counter1/n993                                                NET DELAY               0.000                 17.909  2       
counter1/add_5_add_5_27/CI1->counter1/add_5_add_5_27/CO1
                                          SLICE_R9C28B       CIN1_TO_COUT1_DELAY     0.277                 18.186  2       
counter1/n431                                                NET DELAY               0.000                 18.186  2       
counter1/add_5_add_5_29/CI0->counter1/add_5_add_5_29/CO0
                                          SLICE_R9C28C       CIN0_TO_COUT0_DELAY     0.277                 18.463  2       
counter1/n996                                                NET DELAY               0.000                 18.463  2       
counter1/add_5_add_5_29/CI1->counter1/add_5_add_5_29/CO1
                                          SLICE_R9C28C       CIN1_TO_COUT1_DELAY     0.277                 18.740  2       
counter1/n433                                                NET DELAY               0.661                 19.401  2       
counter1/add_5_add_5_31/D0->counter1/add_5_add_5_31/S0
                                          SLICE_R9C28D       D0_TO_F0_DELAY          0.476                 19.877  1       
counter1/n167[29]                                            NET DELAY               0.000                 19.877  1       
counter1/counter__i29/D                                      ENDPOINT                0.000                 19.877  1       


Destination Clock Path
Name                                      Cell/Site Name     Delay Name           Incr      Arrival/Required Time  Fanout  
----------------------------------------  -----------------  -------------------  --------  ---------------------  ------  
                                                             CONSTRAINT              0.000                 20.833  1       
hf_osc/CLKHF                              HFOSC_HFOSC_R1C32  CLOCK LATENCY           0.000                 20.833  18      
counter1/int_osc                                             NET DELAY               5.499                 26.332  18      
{counter1/counter__i29/CK   counter1/counter__i30/CK}
                                                             CLOCK PIN               0.000                 26.332  1       
                                                             Uncertainty          -(0.000)                 26.332  
                                                             Setup time           -(0.198)                 26.134  
----------------------------------------  -----------------  -------------------  --------  ---------------------  ------  
Required Time                                                                                              26.134  
Arrival Time                                                                                            -(19.876)  
----------------------------------------  -----------------  -------------------  --------  ---------------------  ------  
Path Slack  (Passed)                                                                                        6.257  




++++ Path 4 ++++++++++++++++++++++++++++++++++++++++++++++++++++++++++ 

Path Begin       : counter1/counter__i18/Q  (SLICE_R9C27B)
Path End         : {counter1/counter__i15/SP   counter1/counter__i16/SP}  (SLICE_R9C27A)
Source Clock     : int_osc (R)
Destination Clock: int_osc (R)
Logic Level      : 6
Delay Ratio      : 73.7% (route), 26.3% (logic)
Clock Skew       : 0.000 ns 
Setup Constraint : 20.833 ns 
Path Slack       : 6.518 ns  (Passed)


Source Clock Path
Name                                      Cell/Site Name     Delay Name       Incr      Arrival/Required Time  Fanout  
----------------------------------------  -----------------  ---------------  --------  ---------------------  ------  
hf_osc/CLKHF                              HFOSC_HFOSC_R1C32  CLOCK LATENCY       0.000                  0.000  18      
counter1/int_osc                                             NET DELAY           5.499                  5.499  18      
{counter1/counter__i17/CK   counter1/counter__i18/CK}
                                                             CLOCK PIN           0.000                  5.499  1       


Data Path
Name                                      Cell/Site Name     Delay Name       Incr      Arrival/Required Time  Fanout  
----------------------------------------  -----------------  ---------------  --------  ---------------------  ------  
counter1/counter__i18/CK->counter1/counter__i18/Q
                                          SLICE_R9C27B       CLK_TO_Q1_DELAY     1.388                  6.887  2       
counter1/counter[18]                                         NET DELAY           2.353                  9.240  2       
counter1/i1_2_lut/A->counter1/i1_2_lut/Z  SLICE_R8C27C       D0_TO_F0_DELAY      0.449                  9.689  2       
counter1/n312                                                NET DELAY           3.146                 12.835  2       
counter1/i1_4_lut/C->counter1/i1_4_lut/Z  SLICE_R10C27B      A1_TO_F1_DELAY      0.476                 13.311  1       
counter1/n4_adj_52                                           NET DELAY           0.304                 13.615  1       
counter1/i2_4_lut/D->counter1/i2_4_lut/Z  SLICE_R10C27C      C0_TO_F0_DELAY      0.476                 14.091  1       
counter1/n551                                                NET DELAY           0.304                 14.395  1       
counter1/i1_4_lut_adj_1/B->counter1/i1_4_lut_adj_1/Z
                                          SLICE_R10C27C      C1_TO_F1_DELAY      0.476                 14.871  18      
counter1/n25                                                 NET DELAY           0.304                 15.175  18      
i300_2_lut/B->i300_2_lut/Z                SLICE_R10C27D      C0_TO_F0_DELAY      0.449                 15.624  17      
counter1/n346                                                NET DELAY           3.992                 19.616  17      
{counter1/counter__i15/SP   counter1/counter__i16/SP}
                                                             ENDPOINT            0.000                 19.616  1       


Destination Clock Path
Name                                      Cell/Site Name     Delay Name       Incr      Arrival/Required Time  Fanout  
----------------------------------------  -----------------  ---------------  --------  ---------------------  ------  
                                                             CONSTRAINT          0.000                 20.833  1       
hf_osc/CLKHF                              HFOSC_HFOSC_R1C32  CLOCK LATENCY       0.000                 20.833  18      
counter1/int_osc                                             NET DELAY           5.499                 26.332  18      
{counter1/counter__i15/CK   counter1/counter__i16/CK}
                                                             CLOCK PIN           0.000                 26.332  1       
                                                             Uncertainty      -(0.000)                 26.332  
                                                             Setup time       -(0.198)                 26.134  
----------------------------------------  -----------------  ---------------  --------  ---------------------  ------  
Required Time                                                                                          26.134  
Arrival Time                                                                                        -(19.615)  
----------------------------------------  -----------------  ---------------  --------  ---------------------  ------  
Path Slack  (Passed)                                                                                    6.518  




++++ Path 5 ++++++++++++++++++++++++++++++++++++++++++++++++++++++++++ 

Path Begin       : counter1/counter__i18/Q  (SLICE_R9C27B)
Path End         : {counter1/counter__i17/SP   counter1/counter__i18/SP}  (SLICE_R9C27B)
Source Clock     : int_osc (R)
Destination Clock: int_osc (R)
Logic Level      : 6
Delay Ratio      : 73.7% (route), 26.3% (logic)
Clock Skew       : 0.000 ns 
Setup Constraint : 20.833 ns 
Path Slack       : 6.518 ns  (Passed)


Source Clock Path
Name                                      Cell/Site Name     Delay Name       Incr      Arrival/Required Time  Fanout  
----------------------------------------  -----------------  ---------------  --------  ---------------------  ------  
hf_osc/CLKHF                              HFOSC_HFOSC_R1C32  CLOCK LATENCY       0.000                  0.000  18      
counter1/int_osc                                             NET DELAY           5.499                  5.499  18      
{counter1/counter__i17/CK   counter1/counter__i18/CK}
                                                             CLOCK PIN           0.000                  5.499  1       


Data Path
Name                                      Cell/Site Name     Delay Name       Incr      Arrival/Required Time  Fanout  
----------------------------------------  -----------------  ---------------  --------  ---------------------  ------  
counter1/counter__i18/CK->counter1/counter__i18/Q
                                          SLICE_R9C27B       CLK_TO_Q1_DELAY     1.388                  6.887  2       
counter1/counter[18]                                         NET DELAY           2.353                  9.240  2       
counter1/i1_2_lut/A->counter1/i1_2_lut/Z  SLICE_R8C27C       D0_TO_F0_DELAY      0.449                  9.689  2       
counter1/n312                                                NET DELAY           3.146                 12.835  2       
counter1/i1_4_lut/C->counter1/i1_4_lut/Z  SLICE_R10C27B      A1_TO_F1_DELAY      0.476                 13.311  1       
counter1/n4_adj_52                                           NET DELAY           0.304                 13.615  1       
counter1/i2_4_lut/D->counter1/i2_4_lut/Z  SLICE_R10C27C      C0_TO_F0_DELAY      0.476                 14.091  1       
counter1/n551                                                NET DELAY           0.304                 14.395  1       
counter1/i1_4_lut_adj_1/B->counter1/i1_4_lut_adj_1/Z
                                          SLICE_R10C27C      C1_TO_F1_DELAY      0.476                 14.871  18      
counter1/n25                                                 NET DELAY           0.304                 15.175  18      
i300_2_lut/B->i300_2_lut/Z                SLICE_R10C27D      C0_TO_F0_DELAY      0.449                 15.624  17      
counter1/n346                                                NET DELAY           3.992                 19.616  17      
{counter1/counter__i17/SP   counter1/counter__i18/SP}
                                                             ENDPOINT            0.000                 19.616  1       


Destination Clock Path
Name                                      Cell/Site Name     Delay Name       Incr      Arrival/Required Time  Fanout  
----------------------------------------  -----------------  ---------------  --------  ---------------------  ------  
                                                             CONSTRAINT          0.000                 20.833  1       
hf_osc/CLKHF                              HFOSC_HFOSC_R1C32  CLOCK LATENCY       0.000                 20.833  18      
counter1/int_osc                                             NET DELAY           5.499                 26.332  18      
{counter1/counter__i17/CK   counter1/counter__i18/CK}
                                                             CLOCK PIN           0.000                 26.332  1       
                                                             Uncertainty      -(0.000)                 26.332  
                                                             Setup time       -(0.198)                 26.134  
----------------------------------------  -----------------  ---------------  --------  ---------------------  ------  
Required Time                                                                                          26.134  
Arrival Time                                                                                        -(19.615)  
----------------------------------------  -----------------  ---------------  --------  ---------------------  ------  
Path Slack  (Passed)                                                                                    6.518  




++++ Path 6 ++++++++++++++++++++++++++++++++++++++++++++++++++++++++++ 

Path Begin       : counter1/counter__i18/Q  (SLICE_R9C27B)
Path End         : {counter1/counter__i19/SP   counter1/counter__i20/SP}  (SLICE_R9C27C)
Source Clock     : int_osc (R)
Destination Clock: int_osc (R)
Logic Level      : 6
Delay Ratio      : 73.7% (route), 26.3% (logic)
Clock Skew       : 0.000 ns 
Setup Constraint : 20.833 ns 
Path Slack       : 6.518 ns  (Passed)


Source Clock Path
Name                                      Cell/Site Name     Delay Name       Incr      Arrival/Required Time  Fanout  
----------------------------------------  -----------------  ---------------  --------  ---------------------  ------  
hf_osc/CLKHF                              HFOSC_HFOSC_R1C32  CLOCK LATENCY       0.000                  0.000  18      
counter1/int_osc                                             NET DELAY           5.499                  5.499  18      
{counter1/counter__i17/CK   counter1/counter__i18/CK}
                                                             CLOCK PIN           0.000                  5.499  1       


Data Path
Name                                      Cell/Site Name     Delay Name       Incr      Arrival/Required Time  Fanout  
----------------------------------------  -----------------  ---------------  --------  ---------------------  ------  
counter1/counter__i18/CK->counter1/counter__i18/Q
                                          SLICE_R9C27B       CLK_TO_Q1_DELAY     1.388                  6.887  2       
counter1/counter[18]                                         NET DELAY           2.353                  9.240  2       
counter1/i1_2_lut/A->counter1/i1_2_lut/Z  SLICE_R8C27C       D0_TO_F0_DELAY      0.449                  9.689  2       
counter1/n312                                                NET DELAY           3.146                 12.835  2       
counter1/i1_4_lut/C->counter1/i1_4_lut/Z  SLICE_R10C27B      A1_TO_F1_DELAY      0.476                 13.311  1       
counter1/n4_adj_52                                           NET DELAY           0.304                 13.615  1       
counter1/i2_4_lut/D->counter1/i2_4_lut/Z  SLICE_R10C27C      C0_TO_F0_DELAY      0.476                 14.091  1       
counter1/n551                                                NET DELAY           0.304                 14.395  1       
counter1/i1_4_lut_adj_1/B->counter1/i1_4_lut_adj_1/Z
                                          SLICE_R10C27C      C1_TO_F1_DELAY      0.476                 14.871  18      
counter1/n25                                                 NET DELAY           0.304                 15.175  18      
i300_2_lut/B->i300_2_lut/Z                SLICE_R10C27D      C0_TO_F0_DELAY      0.449                 15.624  17      
counter1/n346                                                NET DELAY           3.992                 19.616  17      
{counter1/counter__i19/SP   counter1/counter__i20/SP}
                                                             ENDPOINT            0.000                 19.616  1       


Destination Clock Path
Name                                      Cell/Site Name     Delay Name       Incr      Arrival/Required Time  Fanout  
----------------------------------------  -----------------  ---------------  --------  ---------------------  ------  
                                                             CONSTRAINT          0.000                 20.833  1       
hf_osc/CLKHF                              HFOSC_HFOSC_R1C32  CLOCK LATENCY       0.000                 20.833  18      
counter1/int_osc                                             NET DELAY           5.499                 26.332  18      
{counter1/counter__i19/CK   counter1/counter__i20/CK}
                                                             CLOCK PIN           0.000                 26.332  1       
                                                             Uncertainty      -(0.000)                 26.332  
                                                             Setup time       -(0.198)                 26.134  
----------------------------------------  -----------------  ---------------  --------  ---------------------  ------  
Required Time                                                                                          26.134  
Arrival Time                                                                                        -(19.615)  
----------------------------------------  -----------------  ---------------  --------  ---------------------  ------  
Path Slack  (Passed)                                                                                    6.518  




++++ Path 7 ++++++++++++++++++++++++++++++++++++++++++++++++++++++++++ 

Path Begin       : counter1/counter__i18/Q  (SLICE_R9C27B)
Path End         : {counter1/counter__i21/SP   counter1/counter__i22/SP}  (SLICE_R9C27D)
Source Clock     : int_osc (R)
Destination Clock: int_osc (R)
Logic Level      : 6
Delay Ratio      : 73.7% (route), 26.3% (logic)
Clock Skew       : 0.000 ns 
Setup Constraint : 20.833 ns 
Path Slack       : 6.518 ns  (Passed)


Source Clock Path
Name                                      Cell/Site Name     Delay Name       Incr      Arrival/Required Time  Fanout  
----------------------------------------  -----------------  ---------------  --------  ---------------------  ------  
hf_osc/CLKHF                              HFOSC_HFOSC_R1C32  CLOCK LATENCY       0.000                  0.000  18      
counter1/int_osc                                             NET DELAY           5.499                  5.499  18      
{counter1/counter__i17/CK   counter1/counter__i18/CK}
                                                             CLOCK PIN           0.000                  5.499  1       


Data Path
Name                                      Cell/Site Name     Delay Name       Incr      Arrival/Required Time  Fanout  
----------------------------------------  -----------------  ---------------  --------  ---------------------  ------  
counter1/counter__i18/CK->counter1/counter__i18/Q
                                          SLICE_R9C27B       CLK_TO_Q1_DELAY     1.388                  6.887  2       
counter1/counter[18]                                         NET DELAY           2.353                  9.240  2       
counter1/i1_2_lut/A->counter1/i1_2_lut/Z  SLICE_R8C27C       D0_TO_F0_DELAY      0.449                  9.689  2       
counter1/n312                                                NET DELAY           3.146                 12.835  2       
counter1/i1_4_lut/C->counter1/i1_4_lut/Z  SLICE_R10C27B      A1_TO_F1_DELAY      0.476                 13.311  1       
counter1/n4_adj_52                                           NET DELAY           0.304                 13.615  1       
counter1/i2_4_lut/D->counter1/i2_4_lut/Z  SLICE_R10C27C      C0_TO_F0_DELAY      0.476                 14.091  1       
counter1/n551                                                NET DELAY           0.304                 14.395  1       
counter1/i1_4_lut_adj_1/B->counter1/i1_4_lut_adj_1/Z
                                          SLICE_R10C27C      C1_TO_F1_DELAY      0.476                 14.871  18      
counter1/n25                                                 NET DELAY           0.304                 15.175  18      
i300_2_lut/B->i300_2_lut/Z                SLICE_R10C27D      C0_TO_F0_DELAY      0.449                 15.624  17      
counter1/n346                                                NET DELAY           3.992                 19.616  17      
{counter1/counter__i21/SP   counter1/counter__i22/SP}
                                                             ENDPOINT            0.000                 19.616  1       


Destination Clock Path
Name                                      Cell/Site Name     Delay Name       Incr      Arrival/Required Time  Fanout  
----------------------------------------  -----------------  ---------------  --------  ---------------------  ------  
                                                             CONSTRAINT          0.000                 20.833  1       
hf_osc/CLKHF                              HFOSC_HFOSC_R1C32  CLOCK LATENCY       0.000                 20.833  18      
counter1/int_osc                                             NET DELAY           5.499                 26.332  18      
{counter1/counter__i21/CK   counter1/counter__i22/CK}
                                                             CLOCK PIN           0.000                 26.332  1       
                                                             Uncertainty      -(0.000)                 26.332  
                                                             Setup time       -(0.198)                 26.134  
----------------------------------------  -----------------  ---------------  --------  ---------------------  ------  
Required Time                                                                                          26.134  
Arrival Time                                                                                        -(19.615)  
----------------------------------------  -----------------  ---------------  --------  ---------------------  ------  
Path Slack  (Passed)                                                                                    6.518  




++++ Path 8 ++++++++++++++++++++++++++++++++++++++++++++++++++++++++++ 

Path Begin       : counter1/counter__i0/Q  (SLICE_R9C25A)
Path End         : counter1/counter__i28/D  (SLICE_R9C28C)
Source Clock     : int_osc (R)
Destination Clock: int_osc (R)
Logic Level      : 30
Delay Ratio      : 31.2% (route), 68.8% (logic)
Clock Skew       : 0.000 ns 
Setup Constraint : 20.833 ns 
Path Slack       : 6.534 ns  (Passed)


Source Clock Path
Name                                      Cell/Site Name     Delay Name           Incr      Arrival/Required Time  Fanout  
----------------------------------------  -----------------  -------------------  --------  ---------------------  ------  
hf_osc/CLKHF                              HFOSC_HFOSC_R1C32  CLOCK LATENCY           0.000                  0.000  18      
counter1/int_osc                                             NET DELAY               5.499                  5.499  18      
counter1/counter__i0/CK                                      CLOCK PIN               0.000                  5.499  1       


Data Path
Name                                      Cell/Site Name     Delay Name           Incr      Arrival/Required Time  Fanout  
----------------------------------------  -----------------  -------------------  --------  ---------------------  ------  
counter1/counter__i0/CK->counter1/counter__i0/Q
                                          SLICE_R9C25A       CLK_TO_Q1_DELAY         1.388                  6.887  1       
counter1/counter[0]                                          NET DELAY               2.075                  8.962  1       
counter1/add_5_add_5_1/B1->counter1/add_5_add_5_1/CO1
                                          SLICE_R9C25A       B1_TO_COUT1_DELAY       0.357                  9.319  2       
counter1/n405                                                NET DELAY               0.000                  9.319  2       
counter1/add_5_add_5_3/CI0->counter1/add_5_add_5_3/CO0
                                          SLICE_R9C25B       CIN0_TO_COUT0_DELAY     0.277                  9.596  2       
counter1/n957                                                NET DELAY               0.000                  9.596  2       
counter1/add_5_add_5_3/CI1->counter1/add_5_add_5_3/CO1
                                          SLICE_R9C25B       CIN1_TO_COUT1_DELAY     0.277                  9.873  2       
counter1/n407                                                NET DELAY               0.000                  9.873  2       
counter1/add_5_add_5_5/CI0->counter1/add_5_add_5_5/CO0
                                          SLICE_R9C25C       CIN0_TO_COUT0_DELAY     0.277                 10.150  2       
counter1/n960                                                NET DELAY               0.000                 10.150  2       
counter1/add_5_add_5_5/CI1->counter1/add_5_add_5_5/CO1
                                          SLICE_R9C25C       CIN1_TO_COUT1_DELAY     0.277                 10.427  2       
counter1/n409                                                NET DELAY               0.000                 10.427  2       
counter1/add_5_add_5_7/CI0->counter1/add_5_add_5_7/CO0
                                          SLICE_R9C25D       CIN0_TO_COUT0_DELAY     0.277                 10.704  2       
counter1/n963                                                NET DELAY               0.000                 10.704  2       
counter1/add_5_add_5_7/CI1->counter1/add_5_add_5_7/CO1
                                          SLICE_R9C25D       CIN1_TO_COUT1_DELAY     0.277                 10.981  2       
counter1/n411                                                NET DELAY               0.555                 11.536  2       
counter1/add_5_add_5_9/CI0->counter1/add_5_add_5_9/CO0
                                          SLICE_R9C26A       CIN0_TO_COUT0_DELAY     0.277                 11.813  2       
counter1/n966                                                NET DELAY               0.000                 11.813  2       
counter1/add_5_add_5_9/CI1->counter1/add_5_add_5_9/CO1
                                          SLICE_R9C26A       CIN1_TO_COUT1_DELAY     0.277                 12.090  2       
counter1/n413                                                NET DELAY               0.000                 12.090  2       
counter1/add_5_add_5_11/CI0->counter1/add_5_add_5_11/CO0
                                          SLICE_R9C26B       CIN0_TO_COUT0_DELAY     0.277                 12.367  2       
counter1/n969                                                NET DELAY               0.000                 12.367  2       
counter1/add_5_add_5_11/CI1->counter1/add_5_add_5_11/CO1
                                          SLICE_R9C26B       CIN1_TO_COUT1_DELAY     0.277                 12.644  2       
counter1/n415                                                NET DELAY               0.000                 12.644  2       
counter1/add_5_add_5_13/CI0->counter1/add_5_add_5_13/CO0
                                          SLICE_R9C26C       CIN0_TO_COUT0_DELAY     0.277                 12.921  2       
counter1/n972                                                NET DELAY               0.000                 12.921  2       
counter1/add_5_add_5_13/CI1->counter1/add_5_add_5_13/CO1
                                          SLICE_R9C26C       CIN1_TO_COUT1_DELAY     0.277                 13.198  2       
counter1/n417                                                NET DELAY               0.000                 13.198  2       
counter1/add_5_add_5_15/CI0->counter1/add_5_add_5_15/CO0
                                          SLICE_R9C26D       CIN0_TO_COUT0_DELAY     0.277                 13.475  2       
counter1/n975                                                NET DELAY               0.000                 13.475  2       
counter1/add_5_add_5_15/CI1->counter1/add_5_add_5_15/CO1
                                          SLICE_R9C26D       CIN1_TO_COUT1_DELAY     0.277                 13.752  2       
counter1/n419                                                NET DELAY               0.555                 14.307  2       
counter1/add_5_add_5_17/CI0->counter1/add_5_add_5_17/CO0
                                          SLICE_R9C27A       CIN0_TO_COUT0_DELAY     0.277                 14.584  2       
counter1/n978                                                NET DELAY               0.000                 14.584  2       
counter1/add_5_add_5_17/CI1->counter1/add_5_add_5_17/CO1
                                          SLICE_R9C27A       CIN1_TO_COUT1_DELAY     0.277                 14.861  2       
counter1/n421                                                NET DELAY               0.000                 14.861  2       
counter1/add_5_add_5_19/CI0->counter1/add_5_add_5_19/CO0
                                          SLICE_R9C27B       CIN0_TO_COUT0_DELAY     0.277                 15.138  2       
counter1/n981                                                NET DELAY               0.000                 15.138  2       
counter1/add_5_add_5_19/CI1->counter1/add_5_add_5_19/CO1
                                          SLICE_R9C27B       CIN1_TO_COUT1_DELAY     0.277                 15.415  2       
counter1/n423                                                NET DELAY               0.000                 15.415  2       
counter1/add_5_add_5_21/CI0->counter1/add_5_add_5_21/CO0
                                          SLICE_R9C27C       CIN0_TO_COUT0_DELAY     0.277                 15.692  2       
counter1/n984                                                NET DELAY               0.000                 15.692  2       
counter1/add_5_add_5_21/CI1->counter1/add_5_add_5_21/CO1
                                          SLICE_R9C27C       CIN1_TO_COUT1_DELAY     0.277                 15.969  2       
counter1/n425                                                NET DELAY               0.000                 15.969  2       
counter1/add_5_add_5_23/CI0->counter1/add_5_add_5_23/CO0
                                          SLICE_R9C27D       CIN0_TO_COUT0_DELAY     0.277                 16.246  2       
counter1/n987                                                NET DELAY               0.000                 16.246  2       
counter1/add_5_add_5_23/CI1->counter1/add_5_add_5_23/CO1
                                          SLICE_R9C27D       CIN1_TO_COUT1_DELAY     0.277                 16.523  2       
counter1/n427                                                NET DELAY               0.555                 17.078  2       
counter1/add_5_add_5_25/CI0->counter1/add_5_add_5_25/CO0
                                          SLICE_R9C28A       CIN0_TO_COUT0_DELAY     0.277                 17.355  2       
counter1/n990                                                NET DELAY               0.000                 17.355  2       
counter1/add_5_add_5_25/CI1->counter1/add_5_add_5_25/CO1
                                          SLICE_R9C28A       CIN1_TO_COUT1_DELAY     0.277                 17.632  2       
counter1/n429                                                NET DELAY               0.000                 17.632  2       
counter1/add_5_add_5_27/CI0->counter1/add_5_add_5_27/CO0
                                          SLICE_R9C28B       CIN0_TO_COUT0_DELAY     0.277                 17.909  2       
counter1/n993                                                NET DELAY               0.000                 17.909  2       
counter1/add_5_add_5_27/CI1->counter1/add_5_add_5_27/CO1
                                          SLICE_R9C28B       CIN1_TO_COUT1_DELAY     0.277                 18.186  2       
counter1/n431                                                NET DELAY               0.000                 18.186  2       
counter1/add_5_add_5_29/CI0->counter1/add_5_add_5_29/CO0
                                          SLICE_R9C28C       CIN0_TO_COUT0_DELAY     0.277                 18.463  2       
counter1/n996                                                NET DELAY               0.661                 19.124  2       
counter1/add_5_add_5_29/D1->counter1/add_5_add_5_29/S1
                                          SLICE_R9C28C       D1_TO_F1_DELAY          0.476                 19.600  1       
counter1/n167[28]                                            NET DELAY               0.000                 19.600  1       
counter1/counter__i28/D                                      ENDPOINT                0.000                 19.600  1       


Destination Clock Path
Name                                      Cell/Site Name     Delay Name           Incr      Arrival/Required Time  Fanout  
----------------------------------------  -----------------  -------------------  --------  ---------------------  ------  
                                                             CONSTRAINT              0.000                 20.833  1       
hf_osc/CLKHF                              HFOSC_HFOSC_R1C32  CLOCK LATENCY           0.000                 20.833  18      
counter1/int_osc                                             NET DELAY               5.499                 26.332  18      
{counter1/counter__i27/CK   counter1/counter__i28/CK}
                                                             CLOCK PIN               0.000                 26.332  1       
                                                             Uncertainty          -(0.000)                 26.332  
                                                             Setup time           -(0.198)                 26.134  
----------------------------------------  -----------------  -------------------  --------  ---------------------  ------  
Required Time                                                                                              26.134  
Arrival Time                                                                                            -(19.599)  
----------------------------------------  -----------------  -------------------  --------  ---------------------  ------  
Path Slack  (Passed)                                                                                        6.534  




++++ Path 9 ++++++++++++++++++++++++++++++++++++++++++++++++++++++++++ 

Path Begin       : counter1/counter__i0/Q  (SLICE_R9C25A)
Path End         : counter1/counter__i27/D  (SLICE_R9C28C)
Source Clock     : int_osc (R)
Destination Clock: int_osc (R)
Logic Level      : 29
Delay Ratio      : 31.8% (route), 68.2% (logic)
Clock Skew       : 0.000 ns 
Setup Constraint : 20.833 ns 
Path Slack       : 6.811 ns  (Passed)


Source Clock Path
Name                                      Cell/Site Name     Delay Name           Incr      Arrival/Required Time  Fanout  
----------------------------------------  -----------------  -------------------  --------  ---------------------  ------  
hf_osc/CLKHF                              HFOSC_HFOSC_R1C32  CLOCK LATENCY           0.000                  0.000  18      
counter1/int_osc                                             NET DELAY               5.499                  5.499  18      
counter1/counter__i0/CK                                      CLOCK PIN               0.000                  5.499  1       


Data Path
Name                                      Cell/Site Name     Delay Name           Incr      Arrival/Required Time  Fanout  
----------------------------------------  -----------------  -------------------  --------  ---------------------  ------  
counter1/counter__i0/CK->counter1/counter__i0/Q
                                          SLICE_R9C25A       CLK_TO_Q1_DELAY         1.388                  6.887  1       
counter1/counter[0]                                          NET DELAY               2.075                  8.962  1       
counter1/add_5_add_5_1/B1->counter1/add_5_add_5_1/CO1
                                          SLICE_R9C25A       B1_TO_COUT1_DELAY       0.357                  9.319  2       
counter1/n405                                                NET DELAY               0.000                  9.319  2       
counter1/add_5_add_5_3/CI0->counter1/add_5_add_5_3/CO0
                                          SLICE_R9C25B       CIN0_TO_COUT0_DELAY     0.277                  9.596  2       
counter1/n957                                                NET DELAY               0.000                  9.596  2       
counter1/add_5_add_5_3/CI1->counter1/add_5_add_5_3/CO1
                                          SLICE_R9C25B       CIN1_TO_COUT1_DELAY     0.277                  9.873  2       
counter1/n407                                                NET DELAY               0.000                  9.873  2       
counter1/add_5_add_5_5/CI0->counter1/add_5_add_5_5/CO0
                                          SLICE_R9C25C       CIN0_TO_COUT0_DELAY     0.277                 10.150  2       
counter1/n960                                                NET DELAY               0.000                 10.150  2       
counter1/add_5_add_5_5/CI1->counter1/add_5_add_5_5/CO1
                                          SLICE_R9C25C       CIN1_TO_COUT1_DELAY     0.277                 10.427  2       
counter1/n409                                                NET DELAY               0.000                 10.427  2       
counter1/add_5_add_5_7/CI0->counter1/add_5_add_5_7/CO0
                                          SLICE_R9C25D       CIN0_TO_COUT0_DELAY     0.277                 10.704  2       
counter1/n963                                                NET DELAY               0.000                 10.704  2       
counter1/add_5_add_5_7/CI1->counter1/add_5_add_5_7/CO1
                                          SLICE_R9C25D       CIN1_TO_COUT1_DELAY     0.277                 10.981  2       
counter1/n411                                                NET DELAY               0.555                 11.536  2       
counter1/add_5_add_5_9/CI0->counter1/add_5_add_5_9/CO0
                                          SLICE_R9C26A       CIN0_TO_COUT0_DELAY     0.277                 11.813  2       
counter1/n966                                                NET DELAY               0.000                 11.813  2       
counter1/add_5_add_5_9/CI1->counter1/add_5_add_5_9/CO1
                                          SLICE_R9C26A       CIN1_TO_COUT1_DELAY     0.277                 12.090  2       
counter1/n413                                                NET DELAY               0.000                 12.090  2       
counter1/add_5_add_5_11/CI0->counter1/add_5_add_5_11/CO0
                                          SLICE_R9C26B       CIN0_TO_COUT0_DELAY     0.277                 12.367  2       
counter1/n969                                                NET DELAY               0.000                 12.367  2       
counter1/add_5_add_5_11/CI1->counter1/add_5_add_5_11/CO1
                                          SLICE_R9C26B       CIN1_TO_COUT1_DELAY     0.277                 12.644  2       
counter1/n415                                                NET DELAY               0.000                 12.644  2       
counter1/add_5_add_5_13/CI0->counter1/add_5_add_5_13/CO0
                                          SLICE_R9C26C       CIN0_TO_COUT0_DELAY     0.277                 12.921  2       
counter1/n972                                                NET DELAY               0.000                 12.921  2       
counter1/add_5_add_5_13/CI1->counter1/add_5_add_5_13/CO1
                                          SLICE_R9C26C       CIN1_TO_COUT1_DELAY     0.277                 13.198  2       
counter1/n417                                                NET DELAY               0.000                 13.198  2       
counter1/add_5_add_5_15/CI0->counter1/add_5_add_5_15/CO0
                                          SLICE_R9C26D       CIN0_TO_COUT0_DELAY     0.277                 13.475  2       
counter1/n975                                                NET DELAY               0.000                 13.475  2       
counter1/add_5_add_5_15/CI1->counter1/add_5_add_5_15/CO1
                                          SLICE_R9C26D       CIN1_TO_COUT1_DELAY     0.277                 13.752  2       
counter1/n419                                                NET DELAY               0.555                 14.307  2       
counter1/add_5_add_5_17/CI0->counter1/add_5_add_5_17/CO0
                                          SLICE_R9C27A       CIN0_TO_COUT0_DELAY     0.277                 14.584  2       
counter1/n978                                                NET DELAY               0.000                 14.584  2       
counter1/add_5_add_5_17/CI1->counter1/add_5_add_5_17/CO1
                                          SLICE_R9C27A       CIN1_TO_COUT1_DELAY     0.277                 14.861  2       
counter1/n421                                                NET DELAY               0.000                 14.861  2       
counter1/add_5_add_5_19/CI0->counter1/add_5_add_5_19/CO0
                                          SLICE_R9C27B       CIN0_TO_COUT0_DELAY     0.277                 15.138  2       
counter1/n981                                                NET DELAY               0.000                 15.138  2       
counter1/add_5_add_5_19/CI1->counter1/add_5_add_5_19/CO1
                                          SLICE_R9C27B       CIN1_TO_COUT1_DELAY     0.277                 15.415  2       
counter1/n423                                                NET DELAY               0.000                 15.415  2       
counter1/add_5_add_5_21/CI0->counter1/add_5_add_5_21/CO0
                                          SLICE_R9C27C       CIN0_TO_COUT0_DELAY     0.277                 15.692  2       
counter1/n984                                                NET DELAY               0.000                 15.692  2       
counter1/add_5_add_5_21/CI1->counter1/add_5_add_5_21/CO1
                                          SLICE_R9C27C       CIN1_TO_COUT1_DELAY     0.277                 15.969  2       
counter1/n425                                                NET DELAY               0.000                 15.969  2       
counter1/add_5_add_5_23/CI0->counter1/add_5_add_5_23/CO0
                                          SLICE_R9C27D       CIN0_TO_COUT0_DELAY     0.277                 16.246  2       
counter1/n987                                                NET DELAY               0.000                 16.246  2       
counter1/add_5_add_5_23/CI1->counter1/add_5_add_5_23/CO1
                                          SLICE_R9C27D       CIN1_TO_COUT1_DELAY     0.277                 16.523  2       
counter1/n427                                                NET DELAY               0.555                 17.078  2       
counter1/add_5_add_5_25/CI0->counter1/add_5_add_5_25/CO0
                                          SLICE_R9C28A       CIN0_TO_COUT0_DELAY     0.277                 17.355  2       
counter1/n990                                                NET DELAY               0.000                 17.355  2       
counter1/add_5_add_5_25/CI1->counter1/add_5_add_5_25/CO1
                                          SLICE_R9C28A       CIN1_TO_COUT1_DELAY     0.277                 17.632  2       
counter1/n429                                                NET DELAY               0.000                 17.632  2       
counter1/add_5_add_5_27/CI0->counter1/add_5_add_5_27/CO0
                                          SLICE_R9C28B       CIN0_TO_COUT0_DELAY     0.277                 17.909  2       
counter1/n993                                                NET DELAY               0.000                 17.909  2       
counter1/add_5_add_5_27/CI1->counter1/add_5_add_5_27/CO1
                                          SLICE_R9C28B       CIN1_TO_COUT1_DELAY     0.277                 18.186  2       
counter1/n431                                                NET DELAY               0.661                 18.847  2       
counter1/add_5_add_5_29/D0->counter1/add_5_add_5_29/S0
                                          SLICE_R9C28C       D0_TO_F0_DELAY          0.476                 19.323  1       
counter1/n167[27]                                            NET DELAY               0.000                 19.323  1       
counter1/counter__i27/D                                      ENDPOINT                0.000                 19.323  1       


Destination Clock Path
Name                                      Cell/Site Name     Delay Name           Incr      Arrival/Required Time  Fanout  
----------------------------------------  -----------------  -------------------  --------  ---------------------  ------  
                                                             CONSTRAINT              0.000                 20.833  1       
hf_osc/CLKHF                              HFOSC_HFOSC_R1C32  CLOCK LATENCY           0.000                 20.833  18      
counter1/int_osc                                             NET DELAY               5.499                 26.332  18      
{counter1/counter__i27/CK   counter1/counter__i28/CK}
                                                             CLOCK PIN               0.000                 26.332  1       
                                                             Uncertainty          -(0.000)                 26.332  
                                                             Setup time           -(0.198)                 26.134  
----------------------------------------  -----------------  -------------------  --------  ---------------------  ------  
Required Time                                                                                              26.134  
Arrival Time                                                                                            -(19.322)  
----------------------------------------  -----------------  -------------------  --------  ---------------------  ------  
Path Slack  (Passed)                                                                                        6.811  




++++ Path 10 ++++++++++++++++++++++++++++++++++++++++++++++++++++++++++ 

Path Begin       : counter1/counter__i0/Q  (SLICE_R9C25A)
Path End         : counter1/counter__i26/D  (SLICE_R9C28B)
Source Clock     : int_osc (R)
Destination Clock: int_osc (R)
Logic Level      : 28
Delay Ratio      : 32.5% (route), 67.5% (logic)
Clock Skew       : 0.000 ns 
Setup Constraint : 20.833 ns 
Path Slack       : 7.088 ns  (Passed)


Source Clock Path
Name                                      Cell/Site Name     Delay Name           Incr      Arrival/Required Time  Fanout  
----------------------------------------  -----------------  -------------------  --------  ---------------------  ------  
hf_osc/CLKHF                              HFOSC_HFOSC_R1C32  CLOCK LATENCY           0.000                  0.000  18      
counter1/int_osc                                             NET DELAY               5.499                  5.499  18      
counter1/counter__i0/CK                                      CLOCK PIN               0.000                  5.499  1       


Data Path
Name                                      Cell/Site Name     Delay Name           Incr      Arrival/Required Time  Fanout  
----------------------------------------  -----------------  -------------------  --------  ---------------------  ------  
counter1/counter__i0/CK->counter1/counter__i0/Q
                                          SLICE_R9C25A       CLK_TO_Q1_DELAY         1.388                  6.887  1       
counter1/counter[0]                                          NET DELAY               2.075                  8.962  1       
counter1/add_5_add_5_1/B1->counter1/add_5_add_5_1/CO1
                                          SLICE_R9C25A       B1_TO_COUT1_DELAY       0.357                  9.319  2       
counter1/n405                                                NET DELAY               0.000                  9.319  2       
counter1/add_5_add_5_3/CI0->counter1/add_5_add_5_3/CO0
                                          SLICE_R9C25B       CIN0_TO_COUT0_DELAY     0.277                  9.596  2       
counter1/n957                                                NET DELAY               0.000                  9.596  2       
counter1/add_5_add_5_3/CI1->counter1/add_5_add_5_3/CO1
                                          SLICE_R9C25B       CIN1_TO_COUT1_DELAY     0.277                  9.873  2       
counter1/n407                                                NET DELAY               0.000                  9.873  2       
counter1/add_5_add_5_5/CI0->counter1/add_5_add_5_5/CO0
                                          SLICE_R9C25C       CIN0_TO_COUT0_DELAY     0.277                 10.150  2       
counter1/n960                                                NET DELAY               0.000                 10.150  2       
counter1/add_5_add_5_5/CI1->counter1/add_5_add_5_5/CO1
                                          SLICE_R9C25C       CIN1_TO_COUT1_DELAY     0.277                 10.427  2       
counter1/n409                                                NET DELAY               0.000                 10.427  2       
counter1/add_5_add_5_7/CI0->counter1/add_5_add_5_7/CO0
                                          SLICE_R9C25D       CIN0_TO_COUT0_DELAY     0.277                 10.704  2       
counter1/n963                                                NET DELAY               0.000                 10.704  2       
counter1/add_5_add_5_7/CI1->counter1/add_5_add_5_7/CO1
                                          SLICE_R9C25D       CIN1_TO_COUT1_DELAY     0.277                 10.981  2       
counter1/n411                                                NET DELAY               0.555                 11.536  2       
counter1/add_5_add_5_9/CI0->counter1/add_5_add_5_9/CO0
                                          SLICE_R9C26A       CIN0_TO_COUT0_DELAY     0.277                 11.813  2       
counter1/n966                                                NET DELAY               0.000                 11.813  2       
counter1/add_5_add_5_9/CI1->counter1/add_5_add_5_9/CO1
                                          SLICE_R9C26A       CIN1_TO_COUT1_DELAY     0.277                 12.090  2       
counter1/n413                                                NET DELAY               0.000                 12.090  2       
counter1/add_5_add_5_11/CI0->counter1/add_5_add_5_11/CO0
                                          SLICE_R9C26B       CIN0_TO_COUT0_DELAY     0.277                 12.367  2       
counter1/n969                                                NET DELAY               0.000                 12.367  2       
counter1/add_5_add_5_11/CI1->counter1/add_5_add_5_11/CO1
                                          SLICE_R9C26B       CIN1_TO_COUT1_DELAY     0.277                 12.644  2       
counter1/n415                                                NET DELAY               0.000                 12.644  2       
counter1/add_5_add_5_13/CI0->counter1/add_5_add_5_13/CO0
                                          SLICE_R9C26C       CIN0_TO_COUT0_DELAY     0.277                 12.921  2       
counter1/n972                                                NET DELAY               0.000                 12.921  2       
counter1/add_5_add_5_13/CI1->counter1/add_5_add_5_13/CO1
                                          SLICE_R9C26C       CIN1_TO_COUT1_DELAY     0.277                 13.198  2       
counter1/n417                                                NET DELAY               0.000                 13.198  2       
counter1/add_5_add_5_15/CI0->counter1/add_5_add_5_15/CO0
                                          SLICE_R9C26D       CIN0_TO_COUT0_DELAY     0.277                 13.475  2       
counter1/n975                                                NET DELAY               0.000                 13.475  2       
counter1/add_5_add_5_15/CI1->counter1/add_5_add_5_15/CO1
                                          SLICE_R9C26D       CIN1_TO_COUT1_DELAY     0.277                 13.752  2       
counter1/n419                                                NET DELAY               0.555                 14.307  2       
counter1/add_5_add_5_17/CI0->counter1/add_5_add_5_17/CO0
                                          SLICE_R9C27A       CIN0_TO_COUT0_DELAY     0.277                 14.584  2       
counter1/n978                                                NET DELAY               0.000                 14.584  2       
counter1/add_5_add_5_17/CI1->counter1/add_5_add_5_17/CO1
                                          SLICE_R9C27A       CIN1_TO_COUT1_DELAY     0.277                 14.861  2       
counter1/n421                                                NET DELAY               0.000                 14.861  2       
counter1/add_5_add_5_19/CI0->counter1/add_5_add_5_19/CO0
                                          SLICE_R9C27B       CIN0_TO_COUT0_DELAY     0.277                 15.138  2       
counter1/n981                                                NET DELAY               0.000                 15.138  2       
counter1/add_5_add_5_19/CI1->counter1/add_5_add_5_19/CO1
                                          SLICE_R9C27B       CIN1_TO_COUT1_DELAY     0.277                 15.415  2       
counter1/n423                                                NET DELAY               0.000                 15.415  2       
counter1/add_5_add_5_21/CI0->counter1/add_5_add_5_21/CO0
                                          SLICE_R9C27C       CIN0_TO_COUT0_DELAY     0.277                 15.692  2       
counter1/n984                                                NET DELAY               0.000                 15.692  2       
counter1/add_5_add_5_21/CI1->counter1/add_5_add_5_21/CO1
                                          SLICE_R9C27C       CIN1_TO_COUT1_DELAY     0.277                 15.969  2       
counter1/n425                                                NET DELAY               0.000                 15.969  2       
counter1/add_5_add_5_23/CI0->counter1/add_5_add_5_23/CO0
                                          SLICE_R9C27D       CIN0_TO_COUT0_DELAY     0.277                 16.246  2       
counter1/n987                                                NET DELAY               0.000                 16.246  2       
counter1/add_5_add_5_23/CI1->counter1/add_5_add_5_23/CO1
                                          SLICE_R9C27D       CIN1_TO_COUT1_DELAY     0.277                 16.523  2       
counter1/n427                                                NET DELAY               0.555                 17.078  2       
counter1/add_5_add_5_25/CI0->counter1/add_5_add_5_25/CO0
                                          SLICE_R9C28A       CIN0_TO_COUT0_DELAY     0.277                 17.355  2       
counter1/n990                                                NET DELAY               0.000                 17.355  2       
counter1/add_5_add_5_25/CI1->counter1/add_5_add_5_25/CO1
                                          SLICE_R9C28A       CIN1_TO_COUT1_DELAY     0.277                 17.632  2       
counter1/n429                                                NET DELAY               0.000                 17.632  2       
counter1/add_5_add_5_27/CI0->counter1/add_5_add_5_27/CO0
                                          SLICE_R9C28B       CIN0_TO_COUT0_DELAY     0.277                 17.909  2       
counter1/n993                                                NET DELAY               0.661                 18.570  2       
counter1/add_5_add_5_27/D1->counter1/add_5_add_5_27/S1
                                          SLICE_R9C28B       D1_TO_F1_DELAY          0.476                 19.046  1       
counter1/n167[26]                                            NET DELAY               0.000                 19.046  1       
counter1/counter__i26/D                                      ENDPOINT                0.000                 19.046  1       


Destination Clock Path
Name                                      Cell/Site Name     Delay Name           Incr      Arrival/Required Time  Fanout  
----------------------------------------  -----------------  -------------------  --------  ---------------------  ------  
                                                             CONSTRAINT              0.000                 20.833  1       
hf_osc/CLKHF                              HFOSC_HFOSC_R1C32  CLOCK LATENCY           0.000                 20.833  18      
counter1/int_osc                                             NET DELAY               5.499                 26.332  18      
{counter1/counter__i25/CK   counter1/counter__i26/CK}
                                                             CLOCK PIN               0.000                 26.332  1       
                                                             Uncertainty          -(0.000)                 26.332  
                                                             Setup time           -(0.198)                 26.134  
----------------------------------------  -----------------  -------------------  --------  ---------------------  ------  
Required Time                                                                                              26.134  
Arrival Time                                                                                            -(19.045)  
----------------------------------------  -----------------  -------------------  --------  ---------------------  ------  
Path Slack  (Passed)                                                                                        7.088  



+++++++++++++++++++++++++++++++++++++++++++++++++++++++++++++++++++++ 
                    End of Detailed Report for timing paths 
+++++++++++++++++++++++++++++++++++++++++++++++++++++++++++++++++++++ 


##########################################################



===============================================================
3  Hold at Speed Grade m Corner at -40 Degrees
===============================================================

3.1  Endpoint slacks
=======================
-------------------------------------------------------
          Listing 10 End Points          |    Slack    
-------------------------------------------------------
counter1/counter__i26/D                  |    1.943 ns 
counter1/counter__i27/D                  |    1.943 ns 
counter1/counter__i28/D                  |    1.943 ns 
counter1/counter__i29/D                  |    1.943 ns 
counter1/counter__i30/D                  |    1.943 ns 
counter1/counter__i31/D                  |    1.943 ns 
counter1/counter__i11/D                  |    1.943 ns 
counter1/counter__i12/D                  |    1.943 ns 
counter1/counter__i13/D                  |    1.943 ns 
counter1/counter__i14/D                  |    1.943 ns 
-------------------------------------------------------
                                         |             
Hold # of endpoints with negative slack: |           0 
                                         |             
-------------------------------------------------------

3.2  Detailed Report
=======================


XXXXXXXXXXXXXXXXXXXXXXXXXXXXXXXXXXXXXXXXXXXXXXXXXXXXXXXXXX

Detail report of critical paths

XXXXXXXXXXXXXXXXXXXXXXXXXXXXXXXXXXXXXXXXXXXXXXXXXXXXXXXXXX

+++++++++++++++++++++++++++++++++++++++++++++++++++++++++++++++++++++ 
                    Detailed Report for timing paths 
+++++++++++++++++++++++++++++++++++++++++++++++++++++++++++++++++++++ 

++++ Path 1 ++++++++++++++++++++++++++++++++++++++++++++++++++++++++++ 

Path Begin       : counter1/counter__i26/Q  (SLICE_R9C28B)
Path End         : counter1/counter__i26/D  (SLICE_R9C28B)
Source Clock     : int_osc (R)
Destination Clock: int_osc (R)
Logic Level      : 2
Delay Ratio      : 46.9% (route), 53.1% (logic)
Clock Skew       : 0.000 ns 
Hold Constraint  : 0.000 ns 
Path Slack       : 1.943 ns  (Passed)


Source Clock Path
Name                                      Cell/Site Name     Delay Name       Incr   Arrival/Required Time  Fanout  
----------------------------------------  -----------------  ---------------  -----  ---------------------  ------  
hf_osc/CLKHF                              HFOSC_HFOSC_R1C32  CLOCK LATENCY    0.000                  0.000  19      
counter1/int_osc                                             NET DELAY        3.084                  3.084  19      
{counter1/counter__i25/CK   counter1/counter__i26/CK}
                                                             CLOCK PIN        0.000                  3.084  1       


Data Path
Name                                      Cell/Site Name     Delay Name       Incr   Arrival/Required Time  Fanout  
----------------------------------------  -----------------  ---------------  -----  ---------------------  ------  
counter1/counter__i26/CK->counter1/counter__i26/Q
                                          SLICE_R9C28B       CLK_TO_Q1_DELAY  0.779                  3.863  2       
counter1/counter[26]                                         NET DELAY        0.912                  4.775  2       
counter1/add_5_add_5_27/B1->counter1/add_5_add_5_27/S1
                                          SLICE_R9C28B       B1_TO_F1_DELAY   0.252                  5.027  1       
counter1/n167[26]                                            NET DELAY        0.000                  5.027  1       
counter1/counter__i26/D                                      ENDPOINT         0.000                  5.027  1       


Destination Clock Path
Name                                      Cell/Site Name     Delay Name       Incr   Arrival/Required Time  Fanout  
----------------------------------------  -----------------  ---------------  -----  ---------------------  ------  
                                                             CONSTRAINT       0.000                  0.000  1       
hf_osc/CLKHF                              HFOSC_HFOSC_R1C32  CLOCK LATENCY    0.000                  0.000  19      
counter1/int_osc                                             NET DELAY        3.084                  3.084  19      
{counter1/counter__i25/CK   counter1/counter__i26/CK}
                                                             CLOCK PIN        0.000                  3.084  1       
                                                             Uncertainty      0.000                  3.084  
                                                             Hold time        0.000                  3.084  
----------------------------------------  -----------------  ---------------  -----  ---------------------  ------  
Required Time                                                                                       -3.084  
Arrival Time                                                                                         5.027  
----------------------------------------  -----------------  ---------------  -----  ---------------------  ------  
Path Slack  (Passed)                                                                                 1.943  




++++ Path 2 ++++++++++++++++++++++++++++++++++++++++++++++++++++++++++ 

Path Begin       : counter1/counter__i27/Q  (SLICE_R9C28C)
Path End         : counter1/counter__i27/D  (SLICE_R9C28C)
Source Clock     : int_osc (R)
Destination Clock: int_osc (R)
Logic Level      : 2
Delay Ratio      : 46.9% (route), 53.1% (logic)
Clock Skew       : 0.000 ns 
Hold Constraint  : 0.000 ns 
Path Slack       : 1.943 ns  (Passed)


Source Clock Path
Name                                      Cell/Site Name     Delay Name       Incr   Arrival/Required Time  Fanout  
----------------------------------------  -----------------  ---------------  -----  ---------------------  ------  
hf_osc/CLKHF                              HFOSC_HFOSC_R1C32  CLOCK LATENCY    0.000                  0.000  19      
counter1/int_osc                                             NET DELAY        3.084                  3.084  19      
{counter1/counter__i27/CK   counter1/counter__i28/CK}
                                                             CLOCK PIN        0.000                  3.084  1       


Data Path
Name                                      Cell/Site Name     Delay Name       Incr   Arrival/Required Time  Fanout  
----------------------------------------  -----------------  ---------------  -----  ---------------------  ------  
counter1/counter__i27/CK->counter1/counter__i27/Q
                                          SLICE_R9C28C       CLK_TO_Q0_DELAY  0.779                  3.863  2       
counter1/counter[27]                                         NET DELAY        0.912                  4.775  2       
counter1/add_5_add_5_29/B0->counter1/add_5_add_5_29/S0
                                          SLICE_R9C28C       B0_TO_F0_DELAY   0.252                  5.027  1       
counter1/n167[27]                                            NET DELAY        0.000                  5.027  1       
counter1/counter__i27/D                                      ENDPOINT         0.000                  5.027  1       


Destination Clock Path
Name                                      Cell/Site Name     Delay Name       Incr   Arrival/Required Time  Fanout  
----------------------------------------  -----------------  ---------------  -----  ---------------------  ------  
                                                             CONSTRAINT       0.000                  0.000  1       
hf_osc/CLKHF                              HFOSC_HFOSC_R1C32  CLOCK LATENCY    0.000                  0.000  19      
counter1/int_osc                                             NET DELAY        3.084                  3.084  19      
{counter1/counter__i27/CK   counter1/counter__i28/CK}
                                                             CLOCK PIN        0.000                  3.084  1       
                                                             Uncertainty      0.000                  3.084  
                                                             Hold time        0.000                  3.084  
----------------------------------------  -----------------  ---------------  -----  ---------------------  ------  
Required Time                                                                                       -3.084  
Arrival Time                                                                                         5.027  
----------------------------------------  -----------------  ---------------  -----  ---------------------  ------  
Path Slack  (Passed)                                                                                 1.943  




++++ Path 3 ++++++++++++++++++++++++++++++++++++++++++++++++++++++++++ 

Path Begin       : counter1/counter__i28/Q  (SLICE_R9C28C)
Path End         : counter1/counter__i28/D  (SLICE_R9C28C)
Source Clock     : int_osc (R)
Destination Clock: int_osc (R)
Logic Level      : 2
Delay Ratio      : 46.9% (route), 53.1% (logic)
Clock Skew       : 0.000 ns 
Hold Constraint  : 0.000 ns 
Path Slack       : 1.943 ns  (Passed)


Source Clock Path
Name                                      Cell/Site Name     Delay Name       Incr   Arrival/Required Time  Fanout  
----------------------------------------  -----------------  ---------------  -----  ---------------------  ------  
hf_osc/CLKHF                              HFOSC_HFOSC_R1C32  CLOCK LATENCY    0.000                  0.000  19      
counter1/int_osc                                             NET DELAY        3.084                  3.084  19      
{counter1/counter__i27/CK   counter1/counter__i28/CK}
                                                             CLOCK PIN        0.000                  3.084  1       


Data Path
Name                                      Cell/Site Name     Delay Name       Incr   Arrival/Required Time  Fanout  
----------------------------------------  -----------------  ---------------  -----  ---------------------  ------  
counter1/counter__i28/CK->counter1/counter__i28/Q
                                          SLICE_R9C28C       CLK_TO_Q1_DELAY  0.779                  3.863  2       
counter1/counter[28]                                         NET DELAY        0.912                  4.775  2       
counter1/add_5_add_5_29/B1->counter1/add_5_add_5_29/S1
                                          SLICE_R9C28C       B1_TO_F1_DELAY   0.252                  5.027  1       
counter1/n167[28]                                            NET DELAY        0.000                  5.027  1       
counter1/counter__i28/D                                      ENDPOINT         0.000                  5.027  1       


Destination Clock Path
Name                                      Cell/Site Name     Delay Name       Incr   Arrival/Required Time  Fanout  
----------------------------------------  -----------------  ---------------  -----  ---------------------  ------  
                                                             CONSTRAINT       0.000                  0.000  1       
hf_osc/CLKHF                              HFOSC_HFOSC_R1C32  CLOCK LATENCY    0.000                  0.000  19      
counter1/int_osc                                             NET DELAY        3.084                  3.084  19      
{counter1/counter__i27/CK   counter1/counter__i28/CK}
                                                             CLOCK PIN        0.000                  3.084  1       
                                                             Uncertainty      0.000                  3.084  
                                                             Hold time        0.000                  3.084  
----------------------------------------  -----------------  ---------------  -----  ---------------------  ------  
Required Time                                                                                       -3.084  
Arrival Time                                                                                         5.027  
----------------------------------------  -----------------  ---------------  -----  ---------------------  ------  
Path Slack  (Passed)                                                                                 1.943  




++++ Path 4 ++++++++++++++++++++++++++++++++++++++++++++++++++++++++++ 

Path Begin       : counter1/counter__i29/Q  (SLICE_R9C28D)
Path End         : counter1/counter__i29/D  (SLICE_R9C28D)
Source Clock     : int_osc (R)
Destination Clock: int_osc (R)
Logic Level      : 2
Delay Ratio      : 46.9% (route), 53.1% (logic)
Clock Skew       : 0.000 ns 
Hold Constraint  : 0.000 ns 
Path Slack       : 1.943 ns  (Passed)


Source Clock Path
Name                                      Cell/Site Name     Delay Name       Incr   Arrival/Required Time  Fanout  
----------------------------------------  -----------------  ---------------  -----  ---------------------  ------  
hf_osc/CLKHF                              HFOSC_HFOSC_R1C32  CLOCK LATENCY    0.000                  0.000  19      
counter1/int_osc                                             NET DELAY        3.084                  3.084  19      
{counter1/counter__i29/CK   counter1/counter__i30/CK}
                                                             CLOCK PIN        0.000                  3.084  1       


Data Path
Name                                      Cell/Site Name     Delay Name       Incr   Arrival/Required Time  Fanout  
----------------------------------------  -----------------  ---------------  -----  ---------------------  ------  
counter1/counter__i29/CK->counter1/counter__i29/Q
                                          SLICE_R9C28D       CLK_TO_Q0_DELAY  0.779                  3.863  2       
counter1/counter[29]                                         NET DELAY        0.912                  4.775  2       
counter1/add_5_add_5_31/B0->counter1/add_5_add_5_31/S0
                                          SLICE_R9C28D       B0_TO_F0_DELAY   0.252                  5.027  1       
counter1/n167[29]                                            NET DELAY        0.000                  5.027  1       
counter1/counter__i29/D                                      ENDPOINT         0.000                  5.027  1       


Destination Clock Path
Name                                      Cell/Site Name     Delay Name       Incr   Arrival/Required Time  Fanout  
----------------------------------------  -----------------  ---------------  -----  ---------------------  ------  
                                                             CONSTRAINT       0.000                  0.000  1       
hf_osc/CLKHF                              HFOSC_HFOSC_R1C32  CLOCK LATENCY    0.000                  0.000  19      
counter1/int_osc                                             NET DELAY        3.084                  3.084  19      
{counter1/counter__i29/CK   counter1/counter__i30/CK}
                                                             CLOCK PIN        0.000                  3.084  1       
                                                             Uncertainty      0.000                  3.084  
                                                             Hold time        0.000                  3.084  
----------------------------------------  -----------------  ---------------  -----  ---------------------  ------  
Required Time                                                                                       -3.084  
Arrival Time                                                                                         5.027  
----------------------------------------  -----------------  ---------------  -----  ---------------------  ------  
Path Slack  (Passed)                                                                                 1.943  




++++ Path 5 ++++++++++++++++++++++++++++++++++++++++++++++++++++++++++ 

Path Begin       : counter1/counter__i30/Q  (SLICE_R9C28D)
Path End         : counter1/counter__i30/D  (SLICE_R9C28D)
Source Clock     : int_osc (R)
Destination Clock: int_osc (R)
Logic Level      : 2
Delay Ratio      : 46.9% (route), 53.1% (logic)
Clock Skew       : 0.000 ns 
Hold Constraint  : 0.000 ns 
Path Slack       : 1.943 ns  (Passed)


Source Clock Path
Name                                      Cell/Site Name     Delay Name       Incr   Arrival/Required Time  Fanout  
----------------------------------------  -----------------  ---------------  -----  ---------------------  ------  
hf_osc/CLKHF                              HFOSC_HFOSC_R1C32  CLOCK LATENCY    0.000                  0.000  19      
counter1/int_osc                                             NET DELAY        3.084                  3.084  19      
{counter1/counter__i29/CK   counter1/counter__i30/CK}
                                                             CLOCK PIN        0.000                  3.084  1       


Data Path
Name                                      Cell/Site Name     Delay Name       Incr   Arrival/Required Time  Fanout  
----------------------------------------  -----------------  ---------------  -----  ---------------------  ------  
counter1/counter__i30/CK->counter1/counter__i30/Q
                                          SLICE_R9C28D       CLK_TO_Q1_DELAY  0.779                  3.863  2       
counter1/counter[30]                                         NET DELAY        0.912                  4.775  2       
counter1/add_5_add_5_31/B1->counter1/add_5_add_5_31/S1
                                          SLICE_R9C28D       B1_TO_F1_DELAY   0.252                  5.027  1       
counter1/n167[30]                                            NET DELAY        0.000                  5.027  1       
counter1/counter__i30/D                                      ENDPOINT         0.000                  5.027  1       


Destination Clock Path
Name                                      Cell/Site Name     Delay Name       Incr   Arrival/Required Time  Fanout  
----------------------------------------  -----------------  ---------------  -----  ---------------------  ------  
                                                             CONSTRAINT       0.000                  0.000  1       
hf_osc/CLKHF                              HFOSC_HFOSC_R1C32  CLOCK LATENCY    0.000                  0.000  19      
counter1/int_osc                                             NET DELAY        3.084                  3.084  19      
{counter1/counter__i29/CK   counter1/counter__i30/CK}
                                                             CLOCK PIN        0.000                  3.084  1       
                                                             Uncertainty      0.000                  3.084  
                                                             Hold time        0.000                  3.084  
----------------------------------------  -----------------  ---------------  -----  ---------------------  ------  
Required Time                                                                                       -3.084  
Arrival Time                                                                                         5.027  
----------------------------------------  -----------------  ---------------  -----  ---------------------  ------  
Path Slack  (Passed)                                                                                 1.943  




++++ Path 6 ++++++++++++++++++++++++++++++++++++++++++++++++++++++++++ 

Path Begin       : counter1/counter__i31/Q  (SLICE_R9C29A)
Path End         : counter1/counter__i31/D  (SLICE_R9C29A)
Source Clock     : int_osc (R)
Destination Clock: int_osc (R)
Logic Level      : 2
Delay Ratio      : 46.9% (route), 53.1% (logic)
Clock Skew       : 0.000 ns 
Hold Constraint  : 0.000 ns 
Path Slack       : 1.943 ns  (Passed)


Source Clock Path
Name                                      Cell/Site Name     Delay Name       Incr   Arrival/Required Time  Fanout  
----------------------------------------  -----------------  ---------------  -----  ---------------------  ------  
hf_osc/CLKHF                              HFOSC_HFOSC_R1C32  CLOCK LATENCY    0.000                  0.000  19      
counter1/int_osc                                             NET DELAY        3.084                  3.084  19      
counter1/counter__i31/CK                                     CLOCK PIN        0.000                  3.084  1       


Data Path
Name                                      Cell/Site Name     Delay Name       Incr   Arrival/Required Time  Fanout  
----------------------------------------  -----------------  ---------------  -----  ---------------------  ------  
counter1/counter__i31/CK->counter1/counter__i31/Q
                                          SLICE_R9C29A       CLK_TO_Q0_DELAY  0.779                  3.863  2       
counter1/counter[31]                                         NET DELAY        0.912                  4.775  2       
counter1/add_5_add_5_33/B0->counter1/add_5_add_5_33/S0
                                          SLICE_R9C29A       B0_TO_F0_DELAY   0.252                  5.027  1       
counter1/n167[31]                                            NET DELAY        0.000                  5.027  1       
counter1/counter__i31/D                                      ENDPOINT         0.000                  5.027  1       


Destination Clock Path
Name                                      Cell/Site Name     Delay Name       Incr   Arrival/Required Time  Fanout  
----------------------------------------  -----------------  ---------------  -----  ---------------------  ------  
                                                             CONSTRAINT       0.000                  0.000  1       
hf_osc/CLKHF                              HFOSC_HFOSC_R1C32  CLOCK LATENCY    0.000                  0.000  19      
counter1/int_osc                                             NET DELAY        3.084                  3.084  19      
counter1/counter__i31/CK                                     CLOCK PIN        0.000                  3.084  1       
                                                             Uncertainty      0.000                  3.084  
                                                             Hold time        0.000                  3.084  
----------------------------------------  -----------------  ---------------  -----  ---------------------  ------  
Required Time                                                                                       -3.084  
Arrival Time                                                                                         5.027  
----------------------------------------  -----------------  ---------------  -----  ---------------------  ------  
Path Slack  (Passed)                                                                                 1.943  




++++ Path 7 ++++++++++++++++++++++++++++++++++++++++++++++++++++++++++ 

Path Begin       : counter1/counter__i11/Q  (SLICE_R9C26C)
Path End         : counter1/counter__i11/D  (SLICE_R9C26C)
Source Clock     : int_osc (R)
Destination Clock: int_osc (R)
Logic Level      : 2
Delay Ratio      : 46.9% (route), 53.1% (logic)
Clock Skew       : 0.000 ns 
Hold Constraint  : 0.000 ns 
Path Slack       : 1.943 ns  (Passed)


Source Clock Path
Name                                      Cell/Site Name     Delay Name       Incr   Arrival/Required Time  Fanout  
----------------------------------------  -----------------  ---------------  -----  ---------------------  ------  
hf_osc/CLKHF                              HFOSC_HFOSC_R1C32  CLOCK LATENCY    0.000                  0.000  19      
counter1/int_osc                                             NET DELAY        3.084                  3.084  19      
{counter1/counter__i11/CK   counter1/counter__i12/CK}
                                                             CLOCK PIN        0.000                  3.084  1       


Data Path
Name                                      Cell/Site Name     Delay Name       Incr   Arrival/Required Time  Fanout  
----------------------------------------  -----------------  ---------------  -----  ---------------------  ------  
counter1/counter__i11/CK->counter1/counter__i11/Q
                                          SLICE_R9C26C       CLK_TO_Q0_DELAY  0.779                  3.863  3       
counter1/counter[11]                                         NET DELAY        0.912                  4.775  3       
counter1/add_5_add_5_13/B0->counter1/add_5_add_5_13/S0
                                          SLICE_R9C26C       B0_TO_F0_DELAY   0.252                  5.027  1       
counter1/n167[11]                                            NET DELAY        0.000                  5.027  1       
counter1/counter__i11/D                                      ENDPOINT         0.000                  5.027  1       


Destination Clock Path
Name                                      Cell/Site Name     Delay Name       Incr   Arrival/Required Time  Fanout  
----------------------------------------  -----------------  ---------------  -----  ---------------------  ------  
                                                             CONSTRAINT       0.000                  0.000  1       
hf_osc/CLKHF                              HFOSC_HFOSC_R1C32  CLOCK LATENCY    0.000                  0.000  19      
counter1/int_osc                                             NET DELAY        3.084                  3.084  19      
{counter1/counter__i11/CK   counter1/counter__i12/CK}
                                                             CLOCK PIN        0.000                  3.084  1       
                                                             Uncertainty      0.000                  3.084  
                                                             Hold time        0.000                  3.084  
----------------------------------------  -----------------  ---------------  -----  ---------------------  ------  
Required Time                                                                                       -3.084  
Arrival Time                                                                                         5.027  
----------------------------------------  -----------------  ---------------  -----  ---------------------  ------  
Path Slack  (Passed)                                                                                 1.943  




++++ Path 8 ++++++++++++++++++++++++++++++++++++++++++++++++++++++++++ 

Path Begin       : counter1/counter__i12/Q  (SLICE_R9C26C)
Path End         : counter1/counter__i12/D  (SLICE_R9C26C)
Source Clock     : int_osc (R)
Destination Clock: int_osc (R)
Logic Level      : 2
Delay Ratio      : 46.9% (route), 53.1% (logic)
Clock Skew       : 0.000 ns 
Hold Constraint  : 0.000 ns 
Path Slack       : 1.943 ns  (Passed)


Source Clock Path
Name                                      Cell/Site Name     Delay Name       Incr   Arrival/Required Time  Fanout  
----------------------------------------  -----------------  ---------------  -----  ---------------------  ------  
hf_osc/CLKHF                              HFOSC_HFOSC_R1C32  CLOCK LATENCY    0.000                  0.000  19      
counter1/int_osc                                             NET DELAY        3.084                  3.084  19      
{counter1/counter__i11/CK   counter1/counter__i12/CK}
                                                             CLOCK PIN        0.000                  3.084  1       


Data Path
Name                                      Cell/Site Name     Delay Name       Incr   Arrival/Required Time  Fanout  
----------------------------------------  -----------------  ---------------  -----  ---------------------  ------  
counter1/counter__i12/CK->counter1/counter__i12/Q
                                          SLICE_R9C26C       CLK_TO_Q1_DELAY  0.779                  3.863  3       
counter1/counter[12]                                         NET DELAY        0.912                  4.775  3       
counter1/add_5_add_5_13/B1->counter1/add_5_add_5_13/S1
                                          SLICE_R9C26C       B1_TO_F1_DELAY   0.252                  5.027  1       
counter1/n167[12]                                            NET DELAY        0.000                  5.027  1       
counter1/counter__i12/D                                      ENDPOINT         0.000                  5.027  1       


Destination Clock Path
Name                                      Cell/Site Name     Delay Name       Incr   Arrival/Required Time  Fanout  
----------------------------------------  -----------------  ---------------  -----  ---------------------  ------  
                                                             CONSTRAINT       0.000                  0.000  1       
hf_osc/CLKHF                              HFOSC_HFOSC_R1C32  CLOCK LATENCY    0.000                  0.000  19      
counter1/int_osc                                             NET DELAY        3.084                  3.084  19      
{counter1/counter__i11/CK   counter1/counter__i12/CK}
                                                             CLOCK PIN        0.000                  3.084  1       
                                                             Uncertainty      0.000                  3.084  
                                                             Hold time        0.000                  3.084  
----------------------------------------  -----------------  ---------------  -----  ---------------------  ------  
Required Time                                                                                       -3.084  
Arrival Time                                                                                         5.027  
----------------------------------------  -----------------  ---------------  -----  ---------------------  ------  
Path Slack  (Passed)                                                                                 1.943  




++++ Path 9 ++++++++++++++++++++++++++++++++++++++++++++++++++++++++++ 

Path Begin       : counter1/counter__i13/Q  (SLICE_R9C26D)
Path End         : counter1/counter__i13/D  (SLICE_R9C26D)
Source Clock     : int_osc (R)
Destination Clock: int_osc (R)
Logic Level      : 2
Delay Ratio      : 46.9% (route), 53.1% (logic)
Clock Skew       : 0.000 ns 
Hold Constraint  : 0.000 ns 
Path Slack       : 1.943 ns  (Passed)


Source Clock Path
Name                                      Cell/Site Name     Delay Name       Incr   Arrival/Required Time  Fanout  
----------------------------------------  -----------------  ---------------  -----  ---------------------  ------  
hf_osc/CLKHF                              HFOSC_HFOSC_R1C32  CLOCK LATENCY    0.000                  0.000  19      
counter1/int_osc                                             NET DELAY        3.084                  3.084  19      
{counter1/counter__i13/CK   counter1/counter__i14/CK}
                                                             CLOCK PIN        0.000                  3.084  1       


Data Path
Name                                      Cell/Site Name     Delay Name       Incr   Arrival/Required Time  Fanout  
----------------------------------------  -----------------  ---------------  -----  ---------------------  ------  
counter1/counter__i13/CK->counter1/counter__i13/Q
                                          SLICE_R9C26D       CLK_TO_Q0_DELAY  0.779                  3.863  3       
counter1/counter[13]                                         NET DELAY        0.912                  4.775  3       
counter1/add_5_add_5_15/B0->counter1/add_5_add_5_15/S0
                                          SLICE_R9C26D       B0_TO_F0_DELAY   0.252                  5.027  1       
counter1/n167[13]                                            NET DELAY        0.000                  5.027  1       
counter1/counter__i13/D                                      ENDPOINT         0.000                  5.027  1       


Destination Clock Path
Name                                      Cell/Site Name     Delay Name       Incr   Arrival/Required Time  Fanout  
----------------------------------------  -----------------  ---------------  -----  ---------------------  ------  
                                                             CONSTRAINT       0.000                  0.000  1       
hf_osc/CLKHF                              HFOSC_HFOSC_R1C32  CLOCK LATENCY    0.000                  0.000  19      
counter1/int_osc                                             NET DELAY        3.084                  3.084  19      
{counter1/counter__i13/CK   counter1/counter__i14/CK}
                                                             CLOCK PIN        0.000                  3.084  1       
                                                             Uncertainty      0.000                  3.084  
                                                             Hold time        0.000                  3.084  
----------------------------------------  -----------------  ---------------  -----  ---------------------  ------  
Required Time                                                                                       -3.084  
Arrival Time                                                                                         5.027  
----------------------------------------  -----------------  ---------------  -----  ---------------------  ------  
Path Slack  (Passed)                                                                                 1.943  




++++ Path 10 ++++++++++++++++++++++++++++++++++++++++++++++++++++++++++ 

Path Begin       : counter1/counter__i14/Q  (SLICE_R9C26D)
Path End         : counter1/counter__i14/D  (SLICE_R9C26D)
Source Clock     : int_osc (R)
Destination Clock: int_osc (R)
Logic Level      : 2
Delay Ratio      : 46.9% (route), 53.1% (logic)
Clock Skew       : 0.000 ns 
Hold Constraint  : 0.000 ns 
Path Slack       : 1.943 ns  (Passed)


Source Clock Path
Name                                      Cell/Site Name     Delay Name       Incr   Arrival/Required Time  Fanout  
----------------------------------------  -----------------  ---------------  -----  ---------------------  ------  
hf_osc/CLKHF                              HFOSC_HFOSC_R1C32  CLOCK LATENCY    0.000                  0.000  19      
counter1/int_osc                                             NET DELAY        3.084                  3.084  19      
{counter1/counter__i13/CK   counter1/counter__i14/CK}
                                                             CLOCK PIN        0.000                  3.084  1       


Data Path
Name                                      Cell/Site Name     Delay Name       Incr   Arrival/Required Time  Fanout  
----------------------------------------  -----------------  ---------------  -----  ---------------------  ------  
counter1/counter__i14/CK->counter1/counter__i14/Q
                                          SLICE_R9C26D       CLK_TO_Q1_DELAY  0.779                  3.863  3       
counter1/counter[14]                                         NET DELAY        0.912                  4.775  3       
counter1/add_5_add_5_15/B1->counter1/add_5_add_5_15/S1
                                          SLICE_R9C26D       B1_TO_F1_DELAY   0.252                  5.027  1       
counter1/n167[14]                                            NET DELAY        0.000                  5.027  1       
counter1/counter__i14/D                                      ENDPOINT         0.000                  5.027  1       


Destination Clock Path
Name                                      Cell/Site Name     Delay Name       Incr   Arrival/Required Time  Fanout  
----------------------------------------  -----------------  ---------------  -----  ---------------------  ------  
                                                             CONSTRAINT       0.000                  0.000  1       
hf_osc/CLKHF                              HFOSC_HFOSC_R1C32  CLOCK LATENCY    0.000                  0.000  19      
counter1/int_osc                                             NET DELAY        3.084                  3.084  19      
{counter1/counter__i13/CK   counter1/counter__i14/CK}
                                                             CLOCK PIN        0.000                  3.084  1       
                                                             Uncertainty      0.000                  3.084  
                                                             Hold time        0.000                  3.084  
----------------------------------------  -----------------  ---------------  -----  ---------------------  ------  
Required Time                                                                                       -3.084  
Arrival Time                                                                                         5.027  
----------------------------------------  -----------------  ---------------  -----  ---------------------  ------  
Path Slack  (Passed)                                                                                 1.943  



+++++++++++++++++++++++++++++++++++++++++++++++++++++++++++++++++++++ 
                    End of Detailed Report for timing paths 
+++++++++++++++++++++++++++++++++++++++++++++++++++++++++++++++++++++ 


##########################################################



